_id,ilce_adi,mahalle_adi,hayvan_beslemede_kullanilan_urunler
1,Ahırlı,ALİÇERÇİ,"ARPA, HAZIR YEM"
2,Ahırlı,BADEMLİ,"KÜSPE, SİLAJLIK MISIR, HAZIR YEM"
3,Ahırlı,BALIKLAVA,"KÜSPE, ARPA, ÇAVDAR, SİLAJLIK MISIR"
4,Ahırlı,BÜYÜKÖZ,"BUĞDAY, KÜSPE, KEPEK, ARPA"
5,Ahırlı,ÇİFTLİK,"BUĞDAY, ARPA, SAMAN, HAZIR YEM"
6,Ahırlı,ERDOĞAN,"FİĞ, ARPA, SAMAN, YONCA, HAZIR YEM"
7,Ahırlı,KARACAKUYU,"SAMAN, HAZIR YEM"
8,Ahırlı,KAYACIK,"FİĞ, ARPA, SAMAN, HAZIR YEM"
9,Ahırlı,KURUÇAY,"ARPA, SAMAN, SİLAJLIK MISIR, HAZIR YEM"
10,Ahırlı,KÜÇÜKÖZ,"KÜSPE, SAMAN, HAZIR YEM"
11,Akören,AVDAN,HAZIR YEM
12,Akören,KAYASU,"ARPA, SAMAN, YONCA, HAZIR YEM"
13,Akören,AHMEDİYE,"BUĞDAY, YULAF, ARPA, SİLAJLIK MISIR"
14,Akören,ALAN,"YULAF, FİĞ, ARPA, SAMAN, YONCA, SİLAJLIK MISIR, HAZIR YEM"
15,Akören,BELKUYU,"KÜSPE, ARPA, SAMAN, SİLAJLIK MISIR, HAZIR YEM"
16,Akören,ÇATÖREN,"FİĞ, ARPA, YONCA, SİLAJLIK MISIR, HAZIR YEM"
17,Akören,DUTLU,"FİĞ, ARPA, HAZIR YEM"
18,Akören,ORHANİYE,"KÜSPE, ARPA, SİLAJLIK MISIR, HAZIR YEM"
19,Akören,SÜLEYMANİYE,"FİĞ, KÜSPE, SAMAN, YONCA, SİLAJLIK MISIR"
20,Akören,TÜLCE,"SAMAN, YONCA, HAZIR YEM"
21,Akören,KARAHÜYÜK,"YULAF, ARPA, SAMAN, YONCA, SİLAJLIK MISIR, HAZIR YEM"
22,Akşehir,ÇAKILLAR,"YULAF, FİĞ, ARPA, HAZIR YEM"
23,Akşehir,GEDİL,"ARPA, YONCA, SİLAJLIK MISIR"
24,Akşehir,KARAHÜYÜK,"ARPA, SAMAN, HAZIR YEM"
25,Akşehir,ADSIZ,"FİĞ, ARPA, YONCA, SİLAJLIK MISIR"
26,Akşehir,ALANYURT,"ARPA, YONCA, HAZIR YEM"
27,Akşehir,ALTUNTAŞ,"YULAF, KÜSPE, ARPA"
28,Akşehir,ATAKENT,"FİĞ, ARPA, SAMAN, SİLAJLIK MISIR"
29,Akşehir,BOZLAĞAN,"YULAF, FİĞ, ARPA, SİLAJLIK MISIR"
30,Akşehir,CANKURTARAN,"ARPA, SAMAN, HAZIR YEM"
31,Akşehir,ÇAMLI,"YULAF, ARPA, YONCA, SİLAJLIK MISIR"
32,Akşehir,ÇİMENDERE,"KÜSPE, ARPA, SAMAN, YONCA"
33,Akşehir,DEĞİRMENKÖY,"KÜSPE, KEPEK, ARPA, SAMAN"
34,Akşehir,DOĞRUGÖZ,"FİĞ, ARPA, HAZIR YEM"
35,Akşehir,ENGİLİ,"FİĞ, ARPA, SAMAN, HAZIR YEM"
36,Akşehir,GÖLÇAYIR,HAZIR YEM
37,Akşehir,GÖZPINARI,"YULAF, FİĞ, YONCA, SİLAJLIK MISIR, HAZIR YEM"
38,Akşehir,ILICAK,"FİĞ, SAMAN, YONCA, HAZIR YEM"
39,Akşehir,KARABULUT,"YONCA, SİLAJLIK MISIR"
40,Akşehir,ORTACA,"YULAF, FİĞ, ARPA, HAZIR YEM"
41,Akşehir,ORTAKÖY,"ARPA, HAZIR YEM"
42,Akşehir,REİS,"BUĞDAY, ARPA, SAMAN, SİLAJLIK MISIR"
43,Akşehir,SAVAŞ,"YULAF, FİĞ, ARPA, SAMAN, SİLAJLIK MISIR"
44,Akşehir,SORKUN,"KÜSPE, SAMAN, YONCA"
45,Akşehir,SÖĞÜTLÜ,"ARPA, SİLAJLIK MISIR"
46,Akşehir,TEKKE,HAZIR YEM
47,Akşehir,TİPİKÖY,"FİĞ, KÜSPE, ARPA, YONCA, HAZIR YEM"
48,Akşehir,ULUPINAR,"FİĞ, SAMAN, YONCA"
49,Akşehir,ÜÇHÜYÜK,"KÜSPE, ARPA, YONCA, HAZIR YEM"
50,Akşehir,YAŞARLAR,"FİĞ, ARPA, YONCA, SİLAJLIK MISIR"
51,Akşehir,YAYLABELEN,"FİĞ, ARPA, YONCA, SİLAJLIK MISIR"
52,Akşehir,YAZLA,"FİĞ, ARPA, YONCA, SİLAJLIK MISIR, HAZIR YEM"
53,Akşehir,YENİKÖY,"KÜSPE, SAMAN"
54,Akşehir,YEŞİLKÖY,"FİĞ, ARPA, YONCA, SİLAJLIK MISIR"
55,Akşehir,SARAY,"FİĞ, SİLAJLIK MISIR, HAZIR YEM"
56,Altınekin,OĞUZELİ,"ARPA, HAZIR YEM"
57,Altınekin,AKCAŞAR,"ARPA, SAMAN, HAZIR YEM"
58,Altınekin,AYIŞIĞI,"ARPA, SİLAJLIK MISIR, HAZIR YEM"
59,Altınekin,AKKÖY,"KÜSPE, ARPA, HAZIR YEM"
60,Altınekin,BORUKKUYU,"YULAF, KÜSPE, ARPA"
61,Altınekin,HACINUMAN,"ARPA, SAMAN, SİLAJLIK MISIR, HAZIR YEM"
62,Altınekin,KARAKAYA,"BUĞDAY, YULAF, ARPA, SAMAN, SİLAJLIK MISIR"
63,Altınekin,KOÇAŞ,"KÜSPE, ARPA, HAZIR YEM"
64,Altınekin,KOÇYAKA,"ARPA, SAMAN, HAZIR YEM"
65,Altınekin,MANTAR,"SAMAN, YONCA, SİLAJLIK MISIR, HAZIR YEM"
66,Altınekin,YENİÖLMEZ,"KÜSPE, ARPA, SAMAN, SİLAJLIK MISIR, HAZIR YEM"
67,Altınekin,SARNIÇ,"KÜSPE, ARPA, SAMAN, SİLAJLIK MISIR, HAZIR YEM"
68,Altınekin,TOPRAKLIK,"ARPA, SİLAJLIK MISIR, HAZIR YEM"
69,Altınekin,YENİKUYU,"FİĞ, ARPA, YONCA"
70,Altınekin,YENİYAYLA,"BUĞDAY, ARPA, HAZIR YEM"
71,Altınekin,DEDELER,"BUĞDAY, KÜSPE, ARPA, SAMAN, SİLAJLIK MISIR"
72,Altınekin,AKINCILAR,"ARPA, HAZIR YEM"
73,Beyşehir,ADAKÖY,"FİĞ, ARPA, SAMAN"
74,Beyşehir,AĞILÖNÜ,"YULAF, FİĞ, ARPA"
75,Beyşehir,AKBURUN,"KÜSPE, ARPA, SAMAN"
76,Beyşehir,AKÇABELEN,HAZIR YEM
77,Beyşehir,AVDANCIK,"KÜSPE, ARPA, YONCA"
78,Beyşehir,BADEMLİ,"KÜSPE, ARPA, SAMAN, YONCA"
79,Beyşehir,BAYAT,"ARPA, HAZIR YEM"
80,Beyşehir,BAYAVŞAR,"KÜSPE, SAMAN, HAZIR YEM"
81,Beyşehir,BAYINDIR,"YULAF, FİĞ, KÜSPE, ARPA, SAMAN"
82,Beyşehir,BAŞGÖZE,"KÜSPE, ARPA, HAZIR YEM"
83,Beyşehir,BEKDEMİR,"ARPA, SAMAN, SİLAJLIK MISIR"
84,Beyşehir,DAMLAPINAR,"BUĞDAY, YULAF, FİĞ, KÜSPE, ARPA, YONCA, SİLAJLIK MISIR"
85,Beyşehir,DOĞANBEY,"FİĞ, KÜSPE, ARPA, SAMAN"
86,Beyşehir,DOĞANCIK,"YULAF, ARPA, ÇAVDAR"
87,Beyşehir,DUMANLI,"ARPA, HAZIR YEM"
88,Beyşehir,EMEN,"KÜSPE, ARPA, HAZIR YEM"
89,Beyşehir,ESENCE,"FİĞ, ARPA, SİLAJLIK MISIR"
90,Beyşehir,EYLİKLER,"ARPA, HAZIR YEM"
91,Beyşehir,EĞİRLER,"ARPA, HAZIR YEM"
92,Beyşehir,FASILLAR,"FİĞ, KÜSPE, ARPA, SAMAN, HAZIR YEM"
93,Beyşehir,GÖKÇEKUYU,"ARPA, ÇAVDAR, HAZIR YEM"
94,Beyşehir,GÖKÇİMEN,"YULAF, ARPA, YONCA"
95,Beyşehir,GÖLKAŞI,"KÜSPE, ARPA, HAZIR YEM"
96,Beyşehir,GÖLYAKA,"ARPA, HAZIR YEM"
97,Beyşehir,GÖNEN,"YULAF, ARPA, HAZIR YEM"
98,Beyşehir,GÖÇÜ,"YULAF, FİĞ, ARPA"
99,Beyşehir,GÜNDOĞDU,"BUĞDAY, ARPA, YONCA, HAZIR YEM"
100,Beyşehir,HUĞLU,"ARPA, SAMAN, HAZIR YEM"
101,Beyşehir,HÜSEYİNLER,"FİĞ, KÜSPE, ARPA, SİLAJLIK MISIR"
102,Beyşehir,İSAKÖY,"ARPA, HAZIR YEM"
103,Beyşehir,KARAALİ,"FİĞ, SAMAN, YONCA, SİLAJLIK MISIR, HAZIR YEM"
104,Beyşehir,KARABAYAT,"FİĞ, ARPA"
105,Beyşehir,KARADİKEN,"YONCA, SİLAJLIK MISIR, HAZIR YEM"
106,Beyşehir,KARAHİSAR,"KÜSPE, ARPA, SİLAJLIK MISIR"
107,Beyşehir,KAYABAŞI,"ARPA, SAMAN, HAZIR YEM"
108,Beyşehir,KURUCUOVA,"ARPA, SİLAJLIK MISIR, HAZIR YEM"
109,Beyşehir,KUŞLUCA,"FİĞ, ARPA, SİLAJLIK MISIR"
110,Beyşehir,KÜÇÜKAVŞAR,"KÜSPE, ARPA, YONCA, HAZIR YEM"
111,Beyşehir,MESUTLAR,"FİĞ, ARPA"
112,Beyşehir,SADIKHACI,"KÜSPE, ARPA, SİLAJLIK MISIR, HAZIR YEM"
113,Beyşehir,SARIKÖY,"YULAF, ARPA, SİLAJLIK MISIR, HAZIR YEM"
114,Beyşehir,SEVİNDİK,"YULAF, KÜSPE, ARPA, SİLAJLIK MISIR"
115,Beyşehir,ŞAMLAR,"YULAF, KÜSPE, SAMAN, HAZIR YEM"
116,Beyşehir,ÜÇPINAR,"ARPA, SAMAN, SİLAJLIK MISIR"
117,Beyşehir,ÜSTÜNLER,"BUĞDAY, ARPA, SİLAJLIK MISIR, HAZIR YEM"
118,Beyşehir,ÜZÜMLÜ,YOK
119,Beyşehir,YAZYURDU,ARPA
120,Beyşehir,YENİDOĞAN,"FİĞ, ARPA, ARPA, YONCA"
121,Beyşehir,YEŞİLDAĞ,"BUĞDAY, FİĞ, ARPA, YONCA"
122,Beyşehir,YUKARIESENCE,"KÜSPE, ARPA, HAZIR YEM"
123,Beyşehir,YUNUSLAR,"KÜSPE, SİLAJLIK MISIR"
124,Beyşehir,ÇİFTLİK,"SİLAJLIK MISIR, HAZIR YEM"
125,Beyşehir,ÇİVRİL,"ARPA, HAZIR YEM"
126,Beyşehir,ÇUKURAĞIL,"YULAF, ARPA, ÇAVDAR, SİLAJLIK MISIR"
127,Bozkır,ÇAĞLAYAN,"SİLAJLIK MISIR, HAZIR YEM"
128,Bozkır,HAMZALAR,HAZIR YEM
129,Bozkır,AKÇAPINAR,HAZIR YEM
130,Bozkır,ARMUTLU,"SAMAN, HAZIR YEM"
131,Bozkır,ARSLANTAŞ,HAZIR YEM
132,Bozkır,AYDINKIŞLA,"KÜSPE, ARPA, HAZIR YEM"
133,Bozkır,AYVALCA,"KÜSPE, SAMAN, SİLAJLIK MISIR, HAZIR YEM"
134,Bozkır,BAĞYURDU,"KÜSPE, ARPA, HAZIR YEM"
135,Bozkır,BAYBAĞAN,"ARPA, HAZIR YEM"
136,Bozkır,BOZDAM,"BUĞDAY, ARPA, SAMAN, HAZIR YEM"
137,Bozkır,DEREİÇİ,"SAMAN, SİLAJLIK MISIR, HAZIR YEM"
138,Bozkır,DEREKÖY,"BUĞDAY, ARPA, SAMAN, HAZIR YEM"
139,Bozkır,ELMAAĞAÇ,"BUĞDAY, FİĞ, ARPA, SAMAN, YONCA"
140,Bozkır,HACILAR,"BUĞDAY, ARPA, SAMAN"
141,Bozkır,HACIYUNUSLAR,"SAMAN, HAZIR YEM"
142,Bozkır,HARMANPINAR,BUĞDAY
143,Bozkır,HİSARLIK,"BUĞDAY, KÜSPE, SAMAN, SİLAJLIK MISIR"
144,Bozkır,IŞIKLAR,"SAMAN, HAZIR YEM"
145,Bozkır,KARABAYIR,"KÜSPE, SAMAN, HAZIR YEM"
146,Bozkır,KARACAARDIÇ,"FİĞ, ARPA"
147,Bozkır,KARACAHİSAR,"SAMAN, HAZIR YEM"
148,Bozkır,KARAYAHYA,HAZIR YEM
149,Bozkır,KAYACILAR,"SAMAN, HAZIR YEM"
150,Bozkır,KAYAPINAR,"ARPA, SAMAN, SİLAJLIK MISIR, HAZIR YEM"
151,Bozkır,KINIK,HAZIR YEM
152,Bozkır,KIZILÇAKIR,"BUĞDAY, KÜSPE, ARPA, HAZIR YEM"
153,Bozkır,KİLDERE,HAZIR YEM
154,Bozkır,KOVANLIK,"KÜSPE, SAMAN, HAZIR YEM"
155,Bozkır,KOZAĞAÇ,"SAMAN, YONCA, HAZIR YEM"
156,Bozkır,KUŞÇA,"SAMAN, HAZIR YEM"
157,Bozkır,KÜÇÜKHİSARLIK,"KÜSPE, ARPA"
158,Bozkır,PINARCIK,"ARPA, HAZIR YEM"
159,Bozkır,SARIOĞLAN,"SAMAN, SİLAJLIK MISIR"
160,Bozkır,SAZLI,HAZIR YEM
161,Bozkır,SOĞUCAK,"SİLAJLIK MISIR, HAZIR YEM"
162,Bozkır,SORKUN,"ARPA, SAMAN"
163,Bozkır,SÖĞÜT,"KÜSPE, SAMAN, SİLAJLIK MISIR"
164,Bozkır,TARLABAŞI,"ARPA, SAMAN"
165,Bozkır,TAŞBAŞI,"KÜSPE, SAMAN, HAZIR YEM"
166,Bozkır,TEPEARASI,ARPA
167,Bozkır,TEPELİCE,"SAMAN, SİLAJLIK MISIR, HAZIR YEM"
168,Bozkır,ULUPINAR,HAZIR YEM
169,Bozkır,ÜÇPINAR,HAZIR YEM
170,Bozkır,YALNIZCA,HAZIR YEM
171,Bozkır,YAZDAMI,HAZIR YEM
172,Bozkır,YELBEYİ,HAZIR YEM
173,Bozkır,YENİKÖY,HAZIR YEM
174,Bozkır,YOLÖREN,"ARPA, SAMAN, HAZIR YEM"
175,Çeltik,GÖKPINAR,"BUĞDAY, HAZIR YEM"
176,Çeltik,ADAKASIM,"ARPA, SAMAN, HAZIR YEM"
177,Çeltik,DOĞANYURT,"ARPA, SAMAN, YONCA"
178,Çeltik,KAŞÖREN,"KÜSPE, ARPA, SAMAN, YONCA, SİLAJLIK MISIR, HAZIR YEM"
179,Çeltik,KÜÇÜKHASAN,"BUĞDAY, ARPA, SİLAJLIK MISIR, HAZIR YEM"
180,Çeltik,TORUNLAR,"SİLAJLIK MISIR, HAZIR YEM"
181,Çeltik,İSHAKUŞAĞI,"KÜSPE, ARPA, HAZIR YEM"
182,Çeltik,HONAMLI,"ARPA, SAMAN, YONCA, HAZIR YEM"
183,Cihanbeyli,BÖĞRÜDELİK,"ARPA, SİLAJLIK MISIR"
184,Cihanbeyli,YAPALI,"ARPA, SİLAJLIK MISIR"
185,Cihanbeyli,YENİCEOBA,HAZIR YEM
186,Cihanbeyli,CUMHURİYET,"ARPA, SAMAN, HAZIR YEM"
187,Cihanbeyli,GEMECİK,"SAMAN, HAZIR YEM"
188,Cihanbeyli,GÖKTEPE,"KÜSPE, SAMAN, HAZIR YEM"
189,Cihanbeyli,AĞABEYLİ,"KÜSPE, ARPA, SİLAJLIK MISIR, HAZIR YEM"
190,Cihanbeyli,HODOĞLU,"ARPA, HAZIR YEM"
191,Cihanbeyli,KAYI,"KÜSPE, ARPA, SİLAJLIK MISIR, HAZIR YEM"
192,Cihanbeyli,KIRKIŞLA,HAZIR YEM
193,Cihanbeyli,KORKMAZLAR,"KÜSPE, ARPA, HAZIR YEM"
194,Cihanbeyli,KÜÇÜKBEŞKAVAK,"FİĞ, SAMAN, HAZIR YEM"
195,Cihanbeyli,MUTLUKONAK,"FİĞ, ARPA, HAZIR YEM"
196,Cihanbeyli,SAĞLIK,"KÜSPE, ARPA, SAMAN, HAZIR YEM"
197,Cihanbeyli,SIĞIRCIK,"KÜSPE, ARPA, SİLAJLIK MISIR"
198,Cihanbeyli,TURANLAR,"SAMAN, HAZIR YEM"
199,Cihanbeyli,TÜFEKÇİPINAR,"ARPA, SAMAN, SİLAJLIK MISIR, HAZIR YEM"
200,Cihanbeyli,UZUNCAYAYLA,"YULAF, ARPA, HAZIR YEM"
201,Cihanbeyli,YÜNLÜKUYU,"ARPA, SAMAN, HAZIR YEM"
202,Cihanbeyli,ZAFERİYE,"ARPA, HAZIR YEM"
203,Cihanbeyli,GÖLYAZI,"YULAF, SAMAN, YONCA, SİLAJLIK MISIR, HAZIR YEM"
204,Cihanbeyli,GÜNYÜZÜ,HAZIR YEM
205,Cihanbeyli,İNSUYU,"SAMAN, HAZIR YEM"
206,Cihanbeyli,KANDİL,"ARPA, SAMAN, HAZIR YEM"
207,Cihanbeyli,KARABAĞ,"SAMAN, HAZIR YEM"
208,Cihanbeyli,KELHASAN,"KÜSPE, SİLAJLIK MISIR, HAZIR YEM"
209,Cihanbeyli,KUŞCA,"KÜSPE, ARPA, SİLAJLIK MISIR, HAZIR YEM"
210,Cihanbeyli,KÜTÜKUŞAĞI,"FİĞ, SİLAJLIK MISIR, HAZIR YEM"
211,Cihanbeyli,TAŞPINAR,"FİĞ, SAMAN, HAZIR YEM"
212,Cihanbeyli,BEYLİOVA,"FİĞ, KÜSPE, ARPA, YONCA"
213,Cihanbeyli,ÇİMEN,"ARPA, HAZIR YEM"
214,Cihanbeyli,ÇÖL,"FİĞ, ARPA, YONCA, HAZIR YEM"
215,Cihanbeyli,DAMLAKUYU,"KÜSPE, HAZIR YEM"
216,Cihanbeyli,BULDUK,"BUĞDAY, ARPA, SAMAN"
217,Cihanbeyli,BÜYÜKBEŞKAVAK,"KÜSPE, ARPA, HAZIR YEM"
218,Cihanbeyli,KARATEPE,"KÜSPE, ARPA, YONCA, SİLAJLIK MISIR, HAZIR YEM"
219,Çumra,ARIKÖREN,"ARPA, SİLAJLIK MISIR, HAZIR YEM"
220,Çumra,DEDEMOĞLU,"ARPA, HAZIR YEM"
221,Çumra,TÜRKMENCAMİLİ,"ARPA, SAMAN, YONCA, SİLAJLIK MISIR, HAZIR YEM"
222,Çumra,A.B.HÜYÜĞÜ,"BUĞDAY, FİĞ, KÜSPE, ARPA, SAMAN, SİLAJLIK MISIR, HAZIR YEM"
223,Çumra,DİNEK,"FİĞ, ARPA, SAMAN, YONCA, HAZIR YEM"
224,Çumra,İÇERİÇUMRA,"KÜSPE, SAMAN, YONCA, SİLAJLIK MISIR, HAZIR YEM"
225,Çumra,GÜVERCİNLİK,"KÜSPE, ARPA, SAMAN, SİLAJLIK MISIR, HAZIR YEM"
226,Çumra,KARKIN,"KÜSPE, SAMAN, YONCA, SİLAJLIK MISIR, HAZIR YEM"
227,Çumra,OKÇU,"ARPA, YONCA, SİLAJLIK MISIR, HAZIR YEM"
228,Çumra,YENİSU,"FİĞ, ARPA, YONCA, SİLAJLIK MISIR"
229,Çumra,APA,"YULAF, KÜSPE, ARPA"
230,Çumra,ABDİTOLU,"FİĞ, KÜSPE, YONCA, SİLAJLIK MISIR, HAZIR YEM"
231,Çumra,ADAKALE,"BUĞDAY, FİĞ, KÜSPE, ARPA"
232,Çumra,ALEMDAR,"BUĞDAY, KÜSPE, YONCA, SİLAJLIK MISIR"
233,Çumra,APASARAYCIK,"KÜSPE, HAZIR YEM"
234,Çumra,AFŞAR,"BUĞDAY, ARPA, HAZIR YEM"
235,Çumra,AVDUL,"FİĞ, KÜSPE, YONCA, SİLAJLIK MISIR, HAZIR YEM"
236,Çumra,BALÇIKHİSAR,"KÜSPE, SİLAJLIK MISIR"
237,Çumra,BEYLERCE,"BUĞDAY, FİĞ, ARPA, YONCA, SİLAJLIK MISIR, HAZIR YEM"
238,Çumra,B.AŞLAMA,"ARPA, YONCA, SİLAJLIK MISIR"
239,Çumra,CİCEK,"BUĞDAY, YULAF, ARPA, YONCA, HAZIR YEM"
240,Çumra,ÇUKURKAVAK,"SAMAN, HAZIR YEM"
241,Çumra,DİNLENDİK,"FİĞ, YONCA"
242,Çumra,DİNEKSARAY,"SAMAN, HAZIR YEM"
243,Çumra,DOĞANLI,"ARPA, YONCA, SİLAJLIK MISIR"
244,Çumra,FETHİYE,"BUĞDAY, KÜSPE, ARPA, SAMAN, SİLAJLIK MISIR, HAZIR YEM"
245,Çumra,GÖKHÜYÜK,"KÜSPE, SAMAN, YONCA, SİLAJLIK MISIR"
246,Çumra,ERENTEPE,"ARPA, SİLAJLIK MISIR, HAZIR YEM"
247,Çumra,İNLİ,"FİĞ, KÜSPE, YONCA, SİLAJLIK MISIR, HAZIR YEM"
248,Çumra,KUZUCU,"KÜSPE, ARPA, YONCA, SİLAJLIK MISIR, HAZIR YEM"
249,Çumra,KÜÇÜKKÖY,"YONCA, SİLAJLIK MISIR, HAZIR YEM"
250,Çumra,SEÇME,"KÜSPE, ARPA, SİLAJLIK MISIR, HAZIR YEM"
251,Çumra,SÜRGÜÇ,"YONCA, HAZIR YEM"
252,Çumra,TAHTALI,"FİĞ, KÜSPE, ARPA, HAZIR YEM"
253,Çumra,T.KARAHÜYÜK,"BUĞDAY, ARPA, SİLAJLIK MISIR, HAZIR YEM"
254,Çumra,TAŞAĞIL,"KÜSPE, ARPA, HAZIR YEM"
255,Çumra,UZUNKUYU,"KÜSPE, SİLAJLIK MISIR, HAZIR YEM"
256,Çumra,ÜÇHÜYÜK,"KÜSPE, SAMAN, HAZIR YEM"
257,Çumra,ÜRÜNLÜ,"YONCA, SİLAJLIK MISIR, HAZIR YEM"
258,Çumra,YÖRÜKCAMİLİ,"KÜSPE, ARPA, SAMAN, SİLAJLIK MISIR"
259,Çumra,ÇAYBAŞI,"FİĞ, KÜSPE, SAMAN, YONCA, HAZIR YEM"
260,Derbent,ÇİFTLİKÖZÜ,"ARPA, SAMAN"
261,Derbent,DEĞİŞ,"ARPA, SAMAN, HAZIR YEM"
262,Derbent,TEKKE,"YULAF, KÜSPE, ARPA, SAMAN"
263,Derbent,GÜNEYKÖY,"YULAF, KEPEK, ARPA, HAZIR YEM"
264,Derbent,MÜLAYİM,"YULAF, ARPA, ÇAVDAR, HAZIR YEM"
265,Derbent,SARAYPINAR,"YULAF, FİĞ, ARPA, SAMAN, YONCA, HAZIR YEM"
266,Derbent,YASSIÖREN,"KÜSPE, ARPA, SİLAJLIK MISIR, HAZIR YEM"
267,Derbent,SÜLEYMAN,"KÜSPE, ARPA, SAMAN, YONCA, SİLAJLIK MISIR, HAZIR YEM"
268,Derbent,KARALAR,"FİĞ, SAMAN, YONCA, SİLAJLIK MISIR"
269,Derebucak,ÇAMLIK,"SAMAN, HAZIR YEM"
270,Derebucak,DURAK,"ARPA, SAMAN"
271,Derebucak,GENCEK,"ARPA, SAMAN, YONCA, SİLAJLIK MISIR, HAZIR YEM"
272,Derebucak,GÖYNEM,"FİĞ, SAMAN"
273,Derebucak,PINARBAŞI,"FİĞ, ARPA, YONCA"
274,Derebucak,TAŞLIPINAR,"SAMAN, HAZIR YEM"
275,Derebucak,TEPEARASI,"SAMAN, HAZIR YEM"
276,Derebucak,UĞURLU,"FİĞ, ARPA"
277,Doğanhisar,BAŞKÖY,"ARPA, SAMAN, SİLAJLIK MISIR, HAZIR YEM"
278,Doğanhisar,YAZLICA,"ARPA, SAMAN"
279,Doğanhisar,AYASLAR,"SAMAN, YONCA, HAZIR YEM"
280,Doğanhisar,ÇINAROBA,"FİĞ, ARPA, SAMAN, SİLAJLIK MISIR, HAZIR YEM"
281,Doğanhisar,DEŞTİĞİN,"FİĞ, SAMAN, YONCA, HAZIR YEM"
282,Doğanhisar,FIRINLI,"BUĞDAY, FİĞ, ARPA, HAZIR YEM"
283,Doğanhisar,GÜVENDİK,"YULAF, FİĞ, KÜSPE, ARPA, SAMAN, YONCA, HAZIR YEM"
284,Doğanhisar,İLYASLAR,HAZIR YEM
285,Doğanhisar,KARAAĞA,SİLAJLIK MISIR
286,Doğanhisar,KEMER,"FİĞ, YONCA"
287,Doğanhisar,KOÇAŞ,"SAMAN, YONCA, SİLAJLIK MISIR"
288,Doğanhisar,KONAKKALE,"YULAF, FİĞ, ARPA, HAZIR YEM"
289,Doğanhisar,TEKKE,"BUĞDAY, FİĞ, KÜSPE, ARPA, SAMAN, YONCA"
290,Doğanhisar,UNCULAR,"FİĞ, ARPA, YONCA, SİLAJLIK MISIR"
291,Doğanhisar,YAZIR,"YULAF, FİĞ, ARPA, YONCA"
292,Doğanhisar,YENİCE,"FİĞ, ARPA, SAMAN, YONCA"
293,Emirgazi,EKİZLİ,HAZIR YEM
294,Emirgazi,AKMESCİT,"YULAF, ARPA, SAMAN, HAZIR YEM"
295,Emirgazi,BESCİ,"BUĞDAY, ARPA, SAMAN, SİLAJLIK MISIR, HAZIR YEM"
296,Emirgazi,DEMİRCİ,"ARPA, YONCA, SİLAJLIK MISIR"
297,Emirgazi,GÖLÖREN,"YULAF, FİĞ, ARPA, SAMAN, YONCA"
298,Emirgazi,IŞIKLAR,"SAMAN, YONCA, SİLAJLIK MISIR, HAZIR YEM"
299,Emirgazi,KARAÖREN,"ARPA, ÇAVDAR, HAZIR YEM"
300,Emirgazi,MEŞELİ,"BUĞDAY, ARPA, YONCA, SİLAJLIK MISIR"
301,Emirgazi,ÖBEKTAŞ,"KÜSPE, ARPA, SİLAJLIK MISIR, HAZIR YEM"
302,Emirgazi,YAMAÇ,"SAMAN, YONCA"
303,Ereğli,ZENGEN,"YULAF, FİĞ, KÜSPE, YONCA, SİLAJLIK MISIR, HAZIR YEM"
304,Ereğli,ACIPINAR,"FİĞ, YONCA, SİLAJLIK MISIR, HAZIR YEM"
305,Ereğli,ADABAĞ,"ARPA, YONCA, SİLAJLIK MISIR"
306,Ereğli,AKHÜYÜK,"BUĞDAY, FİĞ, SİLAJLIK MISIR"
307,Ereğli,ALHAN,"BUĞDAY, KÜSPE, ARPA, YONCA, SİLAJLIK MISIR"
308,Ereğli,AŞAĞI GÖNDELEN,"FİĞ, YONCA, SİLAJLIK MISIR"
309,Ereğli,AŞIKLAR,"SAMAN, YONCA, SİLAJLIK MISIR, HAZIR YEM"
310,Ereğli,AZİZİYE,"ARPA, SAMAN, YONCA, SİLAJLIK MISIR"
311,Ereğli,BAHÇELİ,"BUĞDAY, ARPA, YONCA, SİLAJLIK MISIR, HAZIR YEM"
312,Ereğli,BELCEAĞAÇ,"FİĞ, YONCA, SİLAJLIK MISIR, HAZIR YEM"
313,Ereğli,BELKAYA,"FİĞ, ARPA, ÇAVDAR, SAMAN, YONCA"
314,Ereğli,BEYKÖY,"SİLAJLIK MISIR, HAZIR YEM"
315,Ereğli,BEYÖREN,"KÜSPE, ARPA, SAMAN, SİLAJLIK MISIR, HAZIR YEM"
316,Ereğli,BULGURLUK,"ARPA, YONCA, SİLAJLIK MISIR, HAZIR YEM"
317,Ereğli,BURHANİYE,"ARPA, YONCA, HAZIR YEM"
318,Ereğli,BÜYÜKDEDE,"ARPA, SAMAN, SİLAJLIK MISIR, HAZIR YEM"
319,Ereğli,ÇAKMAK,"BUĞDAY, ARPA, SAMAN"
320,Ereğli,ÇAYHAN,"SAMAN, YONCA, SİLAJLIK MISIR"
321,Ereğli,ÇİLLER,"YONCA, SİLAJLIK MISIR, HAZIR YEM"
322,Ereğli,ÇİMENCİK,"FİĞ, SİLAJLIK MISIR"
323,Ereğli,GAYBİ,"BUĞDAY, ARPA, SAMAN, YONCA, SİLAJLIK MISIR, HAZIR YEM"
324,Ereğli,GÖKÇEYAZI,"YULAF, ARPA, YONCA, SİLAJLIK MISIR"
325,Ereğli,GÖKTÖME,"FİĞ, YONCA, HAZIR YEM"
326,Ereğli,HACIMEMİŞ,"BUĞDAY, ARPA, YONCA, SİLAJLIK MISIR, HAZIR YEM"
327,Ereğli,KAMIŞLIKUYU,"FİĞ, YONCA, SİLAJLIK MISIR"
328,Ereğli,KARABURUN,"ARPA, SAMAN, SİLAJLIK MISIR, HAZIR YEM"
329,Ereğli,KARGACI,"ARPA, YONCA, SİLAJLIK MISIR"
330,Ereğli,KIZILGEDİK,"BUĞDAY, ARPA, SİLAJLIK MISIR"
331,Ereğli,KUSKUNCUK,"BUĞDAY, FİĞ, YONCA, SİLAJLIK MISIR, HAZIR YEM"
332,Ereğli,KUTÖREN,"FİĞ, SAMAN, YONCA, SİLAJLIK MISIR"
333,Ereğli,KUZUKUYU,"YULAF, FİĞ, YONCA, SİLAJLIK MISIR"
334,Ereğli,MELİCEK,"FİĞ, SAMAN, YONCA, SİLAJLIK MISIR"
335,Ereğli,ORHANİYE,"SAMAN, SİLAJLIK MISIR"
336,Ereğli,ÖZGÜRLER,"FİĞ, YONCA, SİLAJLIK MISIR, HAZIR YEM"
337,Ereğli,PINARÖZÜ,"FİĞ, ARPA, SAMAN, YONCA"
338,Ereğli,SARICA,"FİĞ, SAMAN, YONCA, SİLAJLIK MISIR"
339,Ereğli,SARITOPALLI,"FİĞ, YONCA, SİLAJLIK MISIR"
340,Ereğli,SELVİLİ,"YONCA, SİLAJLIK MISIR"
341,Ereğli,TAŞAĞIL,"FİĞ, YONCA, SİLAJLIK MISIR"
342,Ereğli,TAŞBUDAK,"BUĞDAY, ARPA, YONCA, SİLAJLIK MISIR"
343,Ereğli,TATLIKUYU,"KÜSPE, YONCA, SİLAJLIK MISIR"
344,Ereğli,TÜRKMEN,"FİĞ, KÜSPE, YONCA, SİLAJLIK MISIR"
345,Ereğli,ULUMEŞE,"ARPA, ÇAVDAR, SİLAJLIK MISIR"
346,Ereğli,YAZLIK,"YULAF, ARPA, YONCA, SİLAJLIK MISIR"
347,Ereğli,YELLİCE,"YULAF, ARPA"
348,Ereğli,YENİKÖY,"BUĞDAY, FİĞ, ARPA, YONCA"
349,Ereğli,YILDIZLI,SİLAJLIK MISIR
350,Ereğli,YUKARIGÖNDELEN,"FİĞ, ARPA, YONCA, SİLAJLIK MISIR, HAZIR YEM"
351,Ereğli,HORTU,"SAMAN, YONCA, SİLAJLIK MISIR, HAZIR YEM"
352,Ereğli,ACIKUYU,"BUĞDAY, KÜSPE, ARPA, YONCA, SİLAJLIK MISIR"
353,Güneysınır,GÜRAĞAÇ,"ARPA, YONCA, HAZIR YEM"
354,Güneysınır,AĞAÇOBA,"SİLAJLIK MISIR, HAZIR YEM"
355,Güneysınır,ALANÖZÜ,"BUĞDAY, FİĞ, ARPA"
356,Güneysınır,AVCITEPE,"YULAF, ARPA, HAZIR YEM"
357,Güneysınır,AYDOĞMUŞ,"ARPA, SAMAN, HAZIR YEM"
358,Güneysınır,HABİLLER,"ARPA, HAZIR YEM"
359,Güneysınır,KARAGÜNEY,"FİĞ, SAMAN, YONCA"
360,Güneysınır,KAYAAĞZI,"BUĞDAY, KÜSPE, KEPEK, ARPA, YONCA, SİLAJLIK MISIR, HAZIR YEM"
361,Güneysınır,KIZILÖZ,"BUĞDAY, FİĞ, ARPA, HAZIR YEM"
362,Güneysınır,KURUKAVAK,"KEPEK, ARPA, HAZIR YEM"
363,Güneysınır,MEHMET ALİ,"BUĞDAY, KÜSPE, KEPEK, YONCA, SİLAJLIK MISIR, HAZIR YEM"
364,Güneysınır,ÖMEROĞLU,"BUĞDAY, KEPEK, HAZIR YEM"
365,Güneysınır,ÖRENBOYALI,"BUĞDAY, FİĞ, KÜSPE, ARPA, HAZIR YEM"
366,Güneysınır,SARIHACI,YOK
367,Hadim,AŞAĞIEŞENLER,HAZIR YEM
368,Hadim,AŞAĞIKIZILKAYA,"KÜSPE, SAMAN, HAZIR YEM"
369,Hadim,BADEMLİ,SAMAN
370,Hadim,BAĞBAŞI,"KÜSPE, ARPA, HAZIR YEM"
371,Hadim,BEYRELİ,"ARPA, SAMAN, SİLAJLIK MISIR, HAZIR YEM"
372,Hadim,BOLAT,"KÜSPE, SAMAN, HAZIR YEM"
373,Hadim,ÇİFTEPINAR,YOK
374,Hadim,DEDEMLİ,"SAMAN, HAZIR YEM"
375,Hadim,DÜLGERLER,"BUĞDAY, KÜSPE, ARPA, HAZIR YEM"
376,Hadim,FAKILAR,SAMAN
377,Hadim,GAZİLER,"KÜSPE, ÇAVDAR, HAZIR YEM"
378,Hadim,GÖYNÜKKIŞLA,"ARPA, HAZIR YEM"
379,Hadim,GÜLPINAR,"KÜSPE, ARPA, SAMAN, SİLAJLIK MISIR, HAZIR YEM"
380,Hadim,İĞDEÖREN,HAZIR YEM
381,Hadim,KALINAĞIL,"ARPA, SAMAN, HAZIR YEM"
382,Hadim,KAPLANLI,"SAMAN, HAZIR YEM"
383,Hadim,GEZLEVİ,"KÜSPE, SAMAN"
384,Hadim,KÜPLÜCE,"KÜSPE, HAZIR YEM"
385,Hadim,ODUNCU,YOK
386,Hadim,SARNIÇ,"KÜSPE, ARPA, SAMAN, YONCA, HAZIR YEM"
387,Hadim,SELAHATTİN,"ARPA, HAZIR YEM"
388,Hadim,UMURLAR,"KÜSPE, ARPA"
389,Hadim,YAĞCI,"KÜSPE, SAMAN, YONCA"
390,Hadim,YALINÇEVRE,"KÜSPE, SAMAN, SİLAJLIK MISIR, HAZIR YEM"
391,Hadim,YELMEZ,"KÜSPE, ARPA, SAMAN, SİLAJLIK MISIR, HAZIR YEM"
392,Hadim,YENİKONAK,"KÜSPE, ARPA"
393,Hadim,YUKARIEŞENLER,HAZIR YEM
394,Halkapınar,İVRİZ,"KÜSPE, SAMAN, YONCA, SİLAJLIK MISIR, HAZIR YEM"
395,Halkapınar,BÜYÜKDOĞAN,"KÜSPE, SAMAN, SİLAJLIK MISIR, HAZIR YEM"
396,Halkapınar,DEDELİ,"KÜSPE, YONCA, SİLAJLIK MISIR, HAZIR YEM"
397,Halkapınar,DELİMAHMUTLU,"KÜSPE, ARPA, YONCA, SİLAJLIK MISIR, HAZIR YEM"
398,Halkapınar,ESKİHİSAR,"KÜSPE, ARPA, SAMAN, HAZIR YEM"
399,Halkapınar,KARAYUSUFLU,"SAMAN, YONCA, SİLAJLIK MISIR, HAZIR YEM"
400,Halkapınar,KAYASARAY,"ARPA, YONCA, HAZIR YEM"
401,Halkapınar,KÖRLÜ,"KÜSPE, YONCA, HAZIR YEM"
402,Halkapınar,KÜSERE,"KÜSPE, ARPA, YONCA, SİLAJLIK MISIR, HAZIR YEM"
403,Halkapınar,OSMANKÖSELİ,"ARPA, SAMAN, HAZIR YEM"
404,Halkapınar,SEYDİFAKILI,"BUĞDAY, KÜSPE, SAMAN, SİLAJLIK MISIR, HAZIR YEM"
405,Halkapınar,YASSIKAYA,"KÜSPE, SAMAN, SİLAJLIK MISIR, HAZIR YEM"
406,Halkapınar,YAYIKLI,"KÜSPE, YONCA, SİLAJLIK MISIR, HAZIR YEM"
407,Halkapınar,YEŞİLYURT,"KÜSPE, ARPA, YONCA, SİLAJLIK MISIR, HAZIR YEM"
408,Halkapınar,ÇAKILLAR,"SAMAN, YONCA, HAZIR YEM"
409,Hüyük,BAŞLAMIŞ,"BUĞDAY, YULAF, ARPA, SAMAN, HAZIR YEM"
410,Hüyük,BUDAK,"KÜSPE, YONCA, SİLAJLIK MISIR, HAZIR YEM"
411,Hüyük,BURUNSUZ,"ARPA, HAZIR YEM"
412,Hüyük,ÇAMLICA,"YULAF, ARPA, SAMAN, YONCA, HAZIR YEM"
413,Hüyük,ÇAVUŞ,"BUĞDAY, FİĞ, ARPA, YONCA, HAZIR YEM"
414,Hüyük,ÇUKURKENT,"KÜSPE, ARPA, SAMAN, SİLAJLIK MISIR, HAZIR YEM"
415,Hüyük,DEĞİRMENALTI,"BUĞDAY, ARPA"
416,Hüyük,GÖÇERİ,"BUĞDAY, ARPA"
417,Hüyük,GÖRÜNMEZ,"KÜSPE, ARPA, HAZIR YEM"
418,Hüyük,İLMEN,"FİĞ, KÜSPE, SAMAN, HAZIR YEM"
419,Hüyük,İMRENLER,"KÜSPE, ARPA, SİLAJLIK MISIR, HAZIR YEM"
420,Hüyük,KIRELİ,"FİĞ, ARPA, SAMAN, YONCA, SİLAJLIK MISIR"
421,Hüyük,KÖŞK,"FİĞ, ARPA, SAMAN, SİLAJLIK MISIR, HAZIR YEM"
422,Hüyük,MUTLU,"FİĞ, KÜSPE, ARPA, SAMAN, YONCA"
423,Hüyük,PINARBAŞI,"BUĞDAY, FİĞ, SAMAN, SİLAJLIK MISIR"
424,Hüyük,SELKİ,"KÜSPE, ARPA, SİLAJLIK MISIR, HAZIR YEM"
425,Hüyük,SULUDERE,"KÜSPE, KEPEK, ARPA, HAZIR YEM"
426,Hüyük,TOLCA,"FİĞ, ARPA, SAMAN, SİLAJLIK MISIR"
427,Hüyük,YENİCE,"BUĞDAY, ARPA, SAMAN, SİLAJLIK MISIR, HAZIR YEM"
428,Ilgın,ARGITHANI,"FİĞ, ARPA, YONCA"
429,Ilgın,BEYKONAK,"FİĞ, YONCA, SİLAJLIK MISIR"
430,Ilgın,ÇAVUŞÇUGÖL,"FİĞ, ARPA, YONCA"
431,Ilgın,AĞALAR,"FİĞ, ARPA, YONCA, HAZIR YEM"
432,Ilgın,BALKI,"BUĞDAY, YULAF, FİĞ, ARPA, SAMAN, YONCA, SİLAJLIK MISIR"
433,Ilgın,BARAKMUSLU,"KÜSPE, SAMAN, HAZIR YEM"
434,Ilgın,BELEKLER,"BUĞDAY, YULAF, ARPA, SİLAJLIK MISIR, HAZIR YEM"
435,Ilgın,BOĞAZKENT,"BUĞDAY, ARPA, SAMAN, SİLAJLIK MISIR, HAZIR YEM"
436,Ilgın,BULCUK,"BUĞDAY, ARPA, YONCA, SİLAJLIK MISIR"
437,Ilgın,BÜYÜKOBA,"FİĞ, ARPA, YONCA, HAZIR YEM"
438,Ilgın,ÇİĞİL,"KEPEK, HAZIR YEM"
439,Ilgın,ÇATAK,"BUĞDAY, YULAF, FİĞ, ARPA, HAZIR YEM"
440,Ilgın,ÇOBANKAYA,"ARPA, SAMAN, SİLAJLIK MISIR, HAZIR YEM"
441,Ilgın,ÇÖMLEKCİ,"ARPA, SAMAN, HAZIR YEM"
442,Ilgın,DEREKÖY,"BUĞDAY, ARPA, HAZIR YEM"
443,Ilgın,DIĞRAK,"YULAF, FİĞ, ARPA, ÇAVDAR"
444,Ilgın,DÜĞER,"BUĞDAY, ARPA, SAMAN, HAZIR YEM"
445,Ilgın,ELDEŞ,"ARPA, HAZIR YEM"
446,Ilgın,GEÇİT,"YULAF, SAMAN, YONCA, SİLAJLIK MISIR, HAZIR YEM"
447,Ilgın,GEDİKÖREN,"BUĞDAY, ARPA, ÇAVDAR, SAMAN, SİLAJLIK MISIR, HAZIR YEM"
448,Ilgın,GÖSTERE,"FİĞ, ARPA, SAMAN, YONCA, SİLAJLIK MISIR, HAZIR YEM"
449,Ilgın,GÖKÇEYURT,"SAMAN, YONCA, SİLAJLIK MISIR, HAZIR YEM"
450,Ilgın,GÖLYAKA,"ARPA, ÇAVDAR, HAZIR YEM"
451,Ilgın,GÖKBUDAK,"BUĞDAY, ARPA, SAMAN, SİLAJLIK MISIR, HAZIR YEM"
452,Ilgın,GÜNEYPINAR,"SAMAN, SİLAJLIK MISIR, HAZIR YEM"
453,Ilgın,HARMANYAZI,"FİĞ, ARPA, YONCA, SİLAJLIK MISIR"
454,Ilgın,İHSANİYE,"KÜSPE, SİLAJLIK MISIR, HAZIR YEM"
455,Ilgın,KAPAKLI,"BUĞDAY, ARPA, SAMAN, HAZIR YEM"
456,Ilgın,KARAKÖY,"FİĞ, ARPA, YONCA, SİLAJLIK MISIR, HAZIR YEM"
457,Ilgın,KALEKÖY,"SAMAN, HAZIR YEM"
458,Ilgın,MAHMUTHİSAR,"ARPA, ÇAVDAR, YONCA, SİLAJLIK MISIR, HAZIR YEM"
459,Ilgın,MECİDİYE,"YULAF, ARPA, SAMAN, SİLAJLIK MISIR, HAZIR YEM"
460,Ilgın,MİSAFİRLİ,"KÜSPE, YONCA, SİLAJLIK MISIR, HAZIR YEM"
461,Ilgın,OLUKPINAR,"KÜSPE, YONCA, HAZIR YEM"
462,Ilgın,ORHANİYE,"BUĞDAY, ARPA, YONCA, SİLAJLIK MISIR, HAZIR YEM"
463,Ilgın,ORMANÖZÜ,"SAMAN, HAZIR YEM"
464,Ilgın,SADIKKÖY,"ARPA, SİLAJLIK MISIR, HAZIR YEM"
465,Ilgın,SEBİLLER,"SİLAJLIK MISIR, HAZIR YEM"
466,Ilgın,TEKELER,"KÜSPE, SAMAN, HAZIR YEM"
467,Ilgın,YUKARIÇİĞİL,"YONCA, SİLAJLIK MISIR, HAZIR YEM"
468,Ilgın,YORAZLAR,"KÜSPE, KEPEK, ARPA, SİLAJLIK MISIR, HAZIR YEM"
469,Ilgın,ZAFERİYE,"SAMAN, YONCA, SİLAJLIK MISIR, HAZIR YEM"
470,Ilgın,AVDAN,"YULAF, FİĞ, KÜSPE, ARPA, SAMAN, YONCA, HAZIR YEM"
471,Kadınhanı,OSMANCIK,"FİĞ, YONCA"
472,Kadınhanı,AFŞARLI,"FİĞ, ARPA, YONCA, SİLAJLIK MISIR"
473,Kadınhanı,ALABAĞ,"FİĞ, ARPA, YONCA, SİLAJLIK MISIR, HAZIR YEM"
474,Kadınhanı,ATLANTI,"FİĞ, KÜSPE, SİLAJLIK MISIR"
475,Kadınhanı,BAKIRPINAR,"FİĞ, SAMAN, YONCA, SİLAJLIK MISIR"
476,Kadınhanı,BAŞKUYU,"KÜSPE, ARPA, SAMAN"
477,Kadınhanı,BAYRAMLI,"BUĞDAY, ARPA, HAZIR YEM"
478,Kadınhanı,BEYKAVAĞI,"FİĞ, ARPA, YONCA, HAZIR YEM"
479,Kadınhanı,BULGURPINAR,"BUĞDAY, ARPA, SAMAN, HAZIR YEM"
480,Kadınhanı,ÇAVDAR,"FİĞ, ARPA, HAZIR YEM"
481,Kadınhanı,ÇEŞMECİK,"BUĞDAY, ARPA, SAMAN"
482,Kadınhanı,ÇUBUK,"ARPA, SAMAN, SİLAJLIK MISIR, HAZIR YEM"
483,Kadınhanı,DEMİROLUK,"SİLAJLIK MISIR, HAZIR YEM"
484,Kadınhanı,HACIMEHMETLİ,"ARPA, SAMAN, HAZIR YEM"
485,Kadınhanı,HACIOFLAZLAR,"ARPA, SAMAN, HAZIR YEM"
486,Kadınhanı,HACIPİRLİ,"ARPA, HAZIR YEM"
487,Kadınhanı,KABACALI,"FİĞ, ARPA, YONCA"
488,Kadınhanı,KAMIŞLIÖZÜ,"YULAF, KÜSPE, ARPA, SİLAJLIK MISIR"
489,Kadınhanı,KARAHİSARLI,"ARPA, HAZIR YEM"
490,Kadınhanı,KARAKURTLU,"ARPA, SAMAN, HAZIR YEM"
491,Kadınhanı,KARASEVİNÇ,"ARPA, HAZIR YEM"
492,Kadınhanı,KARAYÜRÜKLÜ,"KÜSPE, SAMAN, YONCA"
493,Kadınhanı,KIZILKUYU,"ARPA, HAZIR YEM"
494,Kadınhanı,KOLUKISA,"ARPA, HAZIR YEM"
495,Kadınhanı,KONURÖREN,"ARPA, SİLAJLIK MISIR, HAZIR YEM"
496,Kadınhanı,KÖKEZ,"ARPA, SAMAN, HAZIR YEM"
497,Kadınhanı,KÖYLÜTOLU,"FİĞ, KÜSPE, SİLAJLIK MISIR"
498,Kadınhanı,KURTHASANLI,"ARPA, HAZIR YEM"
499,Kadınhanı,KÜÇÜKKUYU,YOK
500,Kadınhanı,MAHMUDİYE,SİLAJLIK MISIR
501,Kadınhanı,MEYDANLI,"FİĞ, ARPA, SAMAN, SİLAJLIK MISIR, HAZIR YEM"
502,Kadınhanı,ÖRNEK,"YULAF, ARPA, SAMAN, HAZIR YEM"
503,Kadınhanı,PİRALİ,"KÜSPE, ARPA, HAZIR YEM"
504,Kadınhanı,PUSAT,"ARPA, SAMAN, HAZIR YEM"
505,Kadınhanı,SAÇIKARA,"BUĞDAY, ARPA, SAMAN, SİLAJLIK MISIR, HAZIR YEM"
506,Kadınhanı,SARIKAYA,"ARPA, SİLAJLIK MISIR, HAZIR YEM"
507,Kadınhanı,SÖĞÜTÖZÜ,"FİĞ, ARPA, SAMAN, YONCA, HAZIR YEM"
508,Kadınhanı,ŞAHÖREN,"FİĞ, ARPA, YONCA"
509,Kadınhanı,TOSUNOĞLU,"FİĞ, ARPA, SİLAJLIK MISIR, HAZIR YEM"
510,Kadınhanı,YAĞLICA,"ARPA, SİLAJLIK MISIR, HAZIR YEM"
511,Kadınhanı,YAYLAYAKA,"ARPA, SAMAN"
512,Karapınar,HOTAMIŞ,"ARPA, YONCA, SİLAJLIK MISIR, HAZIR YEM"
513,Karapınar,KESMEZ,"KÜSPE, SİLAJLIK MISIR, HAZIR YEM"
514,Karapınar,AKÇAYAZI,"ARPA, HAZIR YEM"
515,Karapınar,AKÖREN,"ARPA, YONCA, HAZIR YEM"
516,Karapınar,ÇİĞİL,"ARPA, SAMAN, YONCA, HAZIR YEM"
517,Karapınar,HASANOBA,"ARPA, SAMAN, YONCA, HAZIR YEM"
518,Karapınar,İSLİK,"ARPA, HAZIR YEM"
519,Karapınar,KARAKIŞLA,"ARPA, SAMAN, YONCA, SİLAJLIK MISIR"
520,Karapınar,KAYACIK,"FİĞ, YONCA"
521,Karapınar,KAYALI,"FİĞ, KEPEK, YONCA, HAZIR YEM"
522,Karapınar,KAZANHÜYÜĞÜ,HAZIR YEM
523,Karapınar,KÜÇÜKAŞLAMA,"YONCA, SİLAJLIK MISIR, HAZIR YEM"
524,Karapınar,ORTAOBA,"FİĞ, YONCA, SİLAJLIK MISIR, HAZIR YEM"
525,Karapınar,OYMALI,"YONCA, HAZIR YEM"
526,Karapınar,SAZLIPINAR,"SAMAN, YONCA"
527,Karapınar,YAĞMAPINAR,"ARPA, SAMAN, YONCA, SİLAJLIK MISIR"
528,Karapınar,YENİKUYU,"BUĞDAY, ARPA, SİLAJLIK MISIR, HAZIR YEM"
529,Karapınar,YEŞİLYURT,"ARPA, YONCA, HAZIR YEM"
530,Karatay,YARMA,"BUĞDAY, ARPA, SAMAN, YONCA, SİLAJLIK MISIR, HAZIR YEM"
531,Karatay,ACIDORT,"ARPA, SAMAN, HAZIR YEM"
532,Karatay,AĞSAKLI,"ARPA, SAMAN, SİLAJLIK MISIR, HAZIR YEM"
533,Karatay,AKBAŞ,"ARPA, YONCA, SİLAJLIK MISIR"
534,Karatay,AKÖRENKIŞLA,"FİĞ, YONCA, HAZIR YEM"
535,Karatay,BAKIRTOLU,"SAMAN, YONCA, SİLAJLIK MISIR, HAZIR YEM"
536,Karatay,BAŞGÖTÜREN,"FİĞ, SAMAN, YONCA"
537,Karatay,BEŞAĞIL,"BUĞDAY, ARPA, ÇAVDAR, SİLAJLIK MISIR, HAZIR YEM"
538,Karatay,BÜYÜKBURNAK,"SAMAN, HAZIR YEM"
539,Karatay,ÇENGİLTİ,"KÜSPE, KEPEK, ARPA, SAMAN, YONCA, SİLAJLIK MISIR"
540,Karatay,DİVANLAR,"BUĞDAY, ARPA, YONCA"
541,Karatay,ESENTEPE,"ARPA, SAMAN, YONCA, SİLAJLIK MISIR, HAZIR YEM"
542,Karatay,GÖÇÜ,"FİĞ, SAMAN, YONCA, HAZIR YEM"
543,Karatay,HAYIROĞLU MERKEZ,"FİĞ, ARPA, HAZIR YEM"
544,Karatay,İPEKLER,"SAMAN, YONCA, SİLAJLIK MISIR"
545,Karatay,İSMİL,"KÜSPE, ARPA, SİLAJLIK MISIR"
546,Karatay,KARADONA,"BUĞDAY, ARPA, SAMAN, SİLAJLIK MISIR, HAZIR YEM"
547,Karatay,KARAKAYA,"SAMAN, SİLAJLIK MISIR, HAZIR YEM"
548,Karatay,KATRANCI,"ARPA, YONCA, SİLAJLIK MISIR, HAZIR YEM"
549,Karatay,KIZÖREN,"KÜSPE, SAMAN, SİLAJLIK MISIR, HAZIR YEM"
550,Karatay,KÖSEALİ,"ARPA, SİLAJLIK MISIR, HAZIR YEM"
551,Karatay,OBRUK,"FİĞ, YONCA, HAZIR YEM"
552,Karatay,OVAKAVAĞI,"FİĞ, SAMAN, YONCA, SİLAJLIK MISIR, HAZIR YEM"
553,Karatay,SAKYATAN,"FİĞ, KÜSPE, ARPA, YONCA, HAZIR YEM"
554,Karatay,SÜRÜÇ,"ARPA, SİLAJLIK MISIR, HAZIR YEM"
555,Karatay,ŞATIR,"SAMAN, SİLAJLIK MISIR"
556,Karatay,YAĞLIBAYAT,"BUĞDAY, KEPEK, ARPA, HAZIR YEM"
557,Karatay,YAVŞANKUYU,"YULAF, KÜSPE, ARPA, SİLAJLIK MISIR, HAZIR YEM"
558,Karatay,YENİCE,"ARPA, HAZIR YEM"
559,Karatay,YENİKENT,"KÜSPE, SAMAN, YONCA, SİLAJLIK MISIR, HAZIR YEM"
560,Karatay,ZİNCİRLİ,"ARPA, SAMAN, YONCA, HAZIR YEM"
561,Kulu,ACIKUYU,"YULAF, KÜSPE, KEPEK, SAMAN, HAZIR YEM"
562,Kulu,AĞILBAŞI,"YULAF, FİĞ, ARPA, SİLAJLIK MISIR"
563,Kulu,ALTILAR,"FİĞ, ARPA, SAMAN, SİLAJLIK MISIR, HAZIR YEM"
564,Kulu,ARŞINCA,"BUĞDAY, ARPA, HAZIR YEM"
565,Kulu,BEŞKARDEŞ,"ARPA, SAMAN, HAZIR YEM"
566,Kulu,BOĞAZÖREN,"YULAF, KÜSPE, ARPA, SAMAN, HAZIR YEM"
567,Kulu,BOZAN,"KÜSPE, ARPA, SAMAN, SİLAJLIK MISIR, HAZIR YEM"
568,Kulu,BURUNAĞIL,"KÜSPE, ARPA, YONCA, SİLAJLIK MISIR, HAZIR YEM"
569,Kulu,CANIMANA,"ARPA, HAZIR YEM"
570,Kulu,CELEP,"KÜSPE, ARPA, YONCA, SİLAJLIK MISIR"
571,Kulu,DİPDEDE,"ARPA, SAMAN, SİLAJLIK MISIR, HAZIR YEM"
572,Kulu,DOĞUTEPE,"ARPA, YONCA, HAZIR YEM"
573,Kulu,FEVZİYE,"FİĞ, SAMAN"
574,Kulu,GÖKLER,"ARPA, SAMAN, HAZIR YEM"
575,Kulu,GÜZELYAYLA,"ARPA, SAMAN, SİLAJLIK MISIR"
576,Kulu,HİSAR,"ARPA, HAZIR YEM"
577,Kulu,KARACADAĞ,"ARPA, YONCA, SİLAJLIK MISIR, HAZIR YEM"
578,Kulu,KARACADERE,"KÜSPE, ARPA, HAZIR YEM"
579,Kulu,KIRKKUYU,"ARPA, SAMAN"
580,Kulu,KIRKPINAR,"KÜSPE, ARPA, HAZIR YEM"
581,Kulu,KOZANLI,"ARPA, SAMAN, HAZIR YEM"
582,Kulu,KÖMÜŞİNİ,"BUĞDAY, ARPA, HAZIR YEM"
583,Kulu,KÖŞKER,"ARPA, SAMAN, YONCA, HAZIR YEM"
584,Kulu,SARIYAYLA,"YONCA, SİLAJLIK MISIR, HAZIR YEM"
585,Kulu,SEYİTAHMETLİ,"SAMAN, SİLAJLIK MISIR, HAZIR YEM"
586,Kulu,SOĞUKKUYU,"ARPA, SAMAN, HAZIR YEM"
587,Kulu,ŞEREFLİ,"ARPA, HAZIR YEM"
588,Kulu,TAVLIÖREN,"FİĞ, ARPA, HAZIR YEM"
589,Kulu,ÖMERANLI,"KÜSPE, ARPA, SAMAN, HAZIR YEM"
590,Kulu,TUZYAKA,"KÜSPE, SİLAJLIK MISIR, HAZIR YEM"
591,Kulu,YARAŞLI,"ARPA, SAMAN, HAZIR YEM"
592,Kulu,YAZIÇAYIR,"ARPA, SAMAN, HAZIR YEM"
593,Kulu,YEŞİLTEPE,"BUĞDAY, YULAF, KEPEK, ARPA, SAMAN"
594,Kulu,YEŞİLYURT,"ARPA, SİLAJLIK MISIR, HAZIR YEM"
595,Kulu,ZİNCİRLİKUYU,"KÜSPE, ARPA, SAMAN, HAZIR YEM"
596,Kulu,BAHADIRLI,"BUĞDAY, ARPA, SİLAJLIK MISIR, HAZIR YEM"
597,Kulu,DEĞİRMENÖZÜ,"YONCA, HAZIR YEM"
598,Meram,ERENKAYA,"ARPA, SAMAN, HAZIR YEM"
599,Meram,YATAĞAN,"BUĞDAY, ARPA, SAMAN"
600,Meram,GÖKYURT,"ARPA, SİLAJLIK MISIR"
601,Meram,BAYAT,"SAMAN, YONCA, SİLAJLIK MISIR, HAZIR YEM"
602,Meram,BORUKTOLU,"ARPA, SAMAN, HAZIR YEM"
603,Meram,BOTSA,"KÜSPE, ARPA, YONCA, SİLAJLIK MISIR"
604,Meram,ÇAYIRBAĞI,"BUĞDAY, ARPA, YONCA, HAZIR YEM"
605,Meram,ÇOMAKLAR,"BUĞDAY, ARPA, SAMAN, YONCA, SİLAJLIK MISIR"
606,Meram,ÇUKURÇİMEN,"BUĞDAY, ARPA, SAMAN, HAZIR YEM"
607,Meram,EVLİYATEKKE,"ARPA, SAMAN, YONCA, HAZIR YEM"
608,Meram,HATUNSARAY,"FİĞ, KÜSPE, YONCA, SİLAJLIK MISIR, HAZIR YEM"
609,Meram,İKİPINAR,"KÜSPE, SAMAN, HAZIR YEM"
610,Meram,İLYASBABA,"KÜSPE, ARPA, SAMAN, SİLAJLIK MISIR, HAZIR YEM"
611,Meram,İNLİCE,"ARPA, SAMAN, HAZIR YEM"
612,Meram,KARAAĞAÇ,"BUĞDAY, ARPA, SAMAN, HAZIR YEM"
613,Meram,KAVAK,"BUĞDAY, ARPA, ÇAVDAR, SİLAJLIK MISIR, HAZIR YEM"
614,Meram,KAYADİBİ,"BUĞDAY, ARPA, SAMAN, HAZIR YEM"
615,Meram,KAYALI,"BUĞDAY, ARPA, SAMAN, HAZIR YEM"
616,Meram,KAYHÜYÜK,"ARPA, YONCA, HAZIR YEM"
617,Meram,KIZILÖREN,"YULAF, ARPA"
618,Meram,KUMRALI,"YULAF, ARPA, SAMAN, HAZIR YEM"
619,Meram,SADIKLAR,"YULAF, KÜSPE, ARPA, SAMAN"
620,Meram,SAĞLIK,"ARPA, SAMAN, YONCA, HAZIR YEM"
621,Meram,SARIKIZ,"SAMAN, HAZIR YEM"
622,Meram,SEFAKÖY,"BUĞDAY, ARPA, SAMAN, HAZIR YEM"
623,Meram,YEŞİLDERE,"BUĞDAY, KÜSPE, ARPA"
624,Meram,YEŞİLTEKKE,"SAMAN, YONCA, SİLAJLIK MISIR, HAZIR YEM"
625,Meram,KAŞINHANI,"FİĞ, ARPA, SAMAN, SİLAJLIK MISIR, HAZIR YEM"
626,Sarayönü,LADİK,"BUĞDAY, FİĞ, ARPA, YONCA, SİLAJLIK MISIR"
627,Sarayönü,BAHÇESARAY,"SAMAN, HAZIR YEM"
628,Sarayönü,BAŞHÜYÜK,"BUĞDAY, ARPA, SAMAN, HAZIR YEM"
629,Sarayönü,BOYALI,"BUĞDAY, YULAF, FİĞ, ARPA"
630,Sarayönü,BÜYÜKZENGİ,"FİĞ, ÇAVDAR, YONCA, SİLAJLIK MISIR"
631,Sarayönü,ÇEŞMELİSEBİL,"ARPA, SAMAN, SİLAJLIK MISIR, HAZIR YEM"
632,Sarayönü,DEĞİRMENLİ,"FİĞ, KÜSPE, ARPA, SAMAN, YONCA"
633,Sarayönü,ERTUĞRUL,"BUĞDAY, ARPA, SAMAN, SİLAJLIK MISIR, HAZIR YEM"
634,Sarayönü,GÖZLÜ,"YULAF, KÜSPE, ARPA, SAMAN, SİLAJLIK MISIR, HAZIR YEM"
635,Sarayönü,KADIOĞLU,"SAMAN, HAZIR YEM"
636,Sarayönü,KARABIYIK,HAZIR YEM
637,Sarayönü,KARATEPE,"YULAF, FİĞ, KÜSPE, KEPEK, ARPA, YONCA, SİLAJLIK MISIR"
638,Sarayönü,KAYIÖREN,"SAMAN, YONCA, SİLAJLIK MISIR, HAZIR YEM"
639,Sarayönü,KONAR,"KÜSPE, ARPA, SAMAN, SİLAJLIK MISIR, HAZIR YEM"
640,Sarayönü,KURŞUNLU,"FİĞ, ARPA, SAMAN"
641,Sarayönü,KUYULUSEBİL,YOK
642,Sarayönü,ÖZKENT,"ARPA, SİLAJLIK MISIR, HAZIR YEM"
643,Sarayönü,YENİCEKAYA,"SAMAN, HAZIR YEM"
644,Selçuklu,BAŞARAKAVAK,"ARPA, YONCA, HAZIR YEM"
645,Selçuklu,hasan,""
646,Selçuklu,SARAYKÖY,"ARPA, SAMAN"
647,Selçuklu,SULUTAS,"ARPA, SAMAN, HAZIR YEM"
648,Selçuklu,TATKÖY,"YONCA, HAZIR YEM"
649,Selçuklu,AKPINAR,HAZIR YEM
650,Selçuklu,BAĞRIKURT,"ARPA, HAZIR YEM"
651,Selçuklu,BİÇER,"BUĞDAY, FİĞ, ARPA, HAZIR YEM"
652,Selçuklu,ÇALDERE,"ARPA, ÇAVDAR, YONCA, HAZIR YEM"
653,Selçuklu,ÇALTI,"ARPA, YONCA, SİLAJLIK MISIR, HAZIR YEM"
654,Selçuklu,ÇANDIR,"SAMAN, YONCA, SİLAJLIK MISIR, HAZIR YEM"
655,Selçuklu,DAĞDERE,"SAMAN, YONCA, HAZIR YEM"
656,Selçuklu,EĞRİBAYAT,"FİĞ, ARPA, YONCA"
657,Selçuklu,GÜVENÇ,HAZIR YEM
658,Selçuklu,KALE,"ARPA, HAZIR YEM"
659,Selçuklu,KARAÖMERLER,"BUĞDAY, ARPA, SİLAJLIK MISIR"
660,Selçuklu,KERVAN,"ARPA, SAMAN, HAZIR YEM"
661,Selçuklu,KINIK,"ARPA, SAMAN, HAZIR YEM"
662,Selçuklu,KIZILCAKUYU,"ARPA, HAZIR YEM"
663,Selçuklu,MEYDAN,"BUĞDAY, ARPA, SAMAN"
664,Selçuklu,SELAHATTİN,"BUĞDAY, FİĞ, KÜSPE, ARPA, SAMAN"
665,Selçuklu,SIZMA,"ARPA, SAMAN, SİLAJLIK MISIR, HAZIR YEM"
666,Selçuklu,TEPEKENT,"SAMAN, YONCA, SİLAJLIK MISIR, HAZIR YEM"
667,Selçuklu,ULUMUHSİNE,"KÜSPE, ARPA, HAZIR YEM"
668,Selçuklu,YAZIBELEN,"BUĞDAY, ARPA, YONCA, SİLAJLIK MISIR, HAZIR YEM"
669,Selçuklu,SİLLE,HAZIR YEM
670,Selçuklu,ARDIÇLI,"ARPA, HAZIR YEM"
671,Selçuklu,AŞAĞIPINARBAŞI,"KEPEK, ARPA, HAZIR YEM"
672,Selçuklu,YUKARIPINARBAŞI,"ARPA, SİLAJLIK MISIR, HAZIR YEM"
673,Selçuklu,KÜÇÜKMUHSİNE,"KÜSPE, KEPEK, ARPA, SAMAN, SİLAJLIK MISIR, HAZIR YEM"
674,Selçuklu,SARICALAR,"BUĞDAY, ARPA, SAMAN, YONCA, SİLAJLIK MISIR"
675,Selçuklu,TÖMEK,"KÜSPE, SAMAN, YONCA, HAZIR YEM"
676,Selçuklu,YÜKSELEN,"YULAF, KÜSPE, ARPA, SAMAN"
677,Selçuklu,Mehmet Fatih,""
678,Seydişehir,KESECİK,"BUĞDAY, YULAF, ARPA"
679,Seydişehir,AKÇALAR,"SAMAN, YONCA, SİLAJLIK MISIR, HAZIR YEM"
680,Seydişehir,AŞAĞIKARAÖREN,"SAMAN, YONCA, SİLAJLIK MISIR, HAZIR YEM"
681,Seydişehir,BAŞKARAÖREN,"SAMAN, YONCA, SİLAJLIK MISIR, HAZIR YEM"
682,Seydişehir,BOSTANDERE,"FİĞ, KÜSPE, SİLAJLIK MISIR, HAZIR YEM"
683,Seydişehir,BOYALI,"ARPA, YONCA, SİLAJLIK MISIR"
684,Seydişehir,BÜKÇE,"YULAF, ARPA, SİLAJLIK MISIR, HAZIR YEM"
685,Seydişehir,ÇAT,"SAMAN, SİLAJLIK MISIR, HAZIR YEM"
686,Seydişehir,ÇATMAKAYA,"BUĞDAY, FİĞ, SAMAN, HAZIR YEM"
687,Seydişehir,ÇAVUŞ,"BUĞDAY, ARPA, SAMAN, HAZIR YEM"
688,Seydişehir,DİKİLİTAŞ,"YONCA, SİLAJLIK MISIR, HAZIR YEM"
689,Seydişehir,GEVREKLİ,"ARPA, YONCA, SİLAJLIK MISIR, HAZIR YEM"
690,Seydişehir,GÖKÇEHÜYÜK,"SAMAN, HAZIR YEM"
691,Seydişehir,GÖKHÜYÜK,"ARPA, YONCA, SİLAJLIK MISIR, HAZIR YEM"
692,Seydişehir,GÖLYÜZÜ,"FİĞ, KÜSPE, SAMAN"
693,Seydişehir,IRMAKLI,"ARPA, SİLAJLIK MISIR, HAZIR YEM"
694,Seydişehir,İNCESU,"KÜSPE, SAMAN, YONCA, HAZIR YEM"
695,Seydişehir,KARABULAK,"SİLAJLIK MISIR, HAZIR YEM"
696,Seydişehir,KARACAÖREN,"ARPA, HAZIR YEM"
697,Seydişehir,KAVAK,"BUĞDAY, ARPA, HAZIR YEM"
698,Seydişehir,KETENLİ,"FİĞ, ARPA, HAZIR YEM"
699,Seydişehir,KIZILCA,"BUĞDAY, ARPA, SİLAJLIK MISIR, HAZIR YEM"
700,Seydişehir,KOZLU,"FİĞ, HAZIR YEM"
701,Seydişehir,KUMLUCA,"FİĞ, SİLAJLIK MISIR, HAZIR YEM"
702,Seydişehir,KURAN,"KÜSPE, SİLAJLIK MISIR, HAZIR YEM"
703,Seydişehir,MADENLİ,"SAMAN, YONCA, HAZIR YEM"
704,Seydişehir,MESUDİYE,"BUĞDAY, HAZIR YEM"
705,Seydişehir,MURADİYE,"YONCA, SİLAJLIK MISIR"
706,Seydişehir,OĞLAKÇI,"KÜSPE, HAZIR YEM"
707,Seydişehir,ORTAKARAÖREN,"BUĞDAY, ARPA, HAZIR YEM"
708,Seydişehir,SARAYCIK,"BUĞDAY, SAMAN, HAZIR YEM"
709,Seydişehir,SUSUZ,"FİĞ, ARPA, HAZIR YEM"
710,Seydişehir,TARAŞÇI,"KÜSPE, SAMAN, SİLAJLIK MISIR, HAZIR YEM"
711,Seydişehir,TAŞAĞIL,"BUĞDAY, YONCA, HAZIR YEM"
712,Seydişehir,TEPECİK,"KÜSPE, ÇAVDAR, SAMAN, SİLAJLIK MISIR, HAZIR YEM"
713,Seydişehir,TOL,"YULAF, FİĞ, ARPA, ÇAVDAR"
714,Seydişehir,UFACIK,"FİĞ, ARPA, SAMAN, SİLAJLIK MISIR, HAZIR YEM"
715,Seydişehir,YAYLACIK,HAZIR YEM
716,Seydişehir,YENİCE,"FİĞ, SAMAN, HAZIR YEM"
717,Taşkent,AFŞAR,"ARPA, SAMAN, HAZIR YEM"
718,Taşkent,BALCILAR,"ARPA, SAMAN"
719,Taşkent,BOLAY,"KÜSPE, ARPA, SAMAN"
720,Taşkent,ÇETMİ,"SAMAN, HAZIR YEM"
721,Taşkent,KECİMEN,HAZIR YEM
722,Taşkent,KONGUL,"SAMAN, HAZIR YEM"
723,Taşkent,SAZAK,"SAMAN, HAZIR YEM"
724,Taşkent,ILICAPINAR,YOK
725,Tuzlukçu,KONARI,"KÜSPE, ARPA, SİLAJLIK MISIR, HAZIR YEM"
726,Tuzlukçu,MEVLÜTLÜ,"KÜSPE, ARPA, SİLAJLIK MISIR, HAZIR YEM"
727,Tuzlukçu,KORAŞI,"BUĞDAY, ARPA, HAZIR YEM"
728,Tuzlukçu,ÇÖĞÜRLÜ,"FİĞ, ARPA, SAMAN, HAZIR YEM"
729,Tuzlukçu,TURSUNLU,"YULAF, FİĞ, YONCA, SİLAJLIK MISIR, HAZIR YEM"
730,Tuzlukçu,KUNDULLU,"FİĞ, ARPA"
731,Tuzlukçu,PAZARKAYA,"ARPA, SAMAN, SİLAJLIK MISIR, HAZIR YEM"
732,Tuzlukçu,SUBATAN,"KÜSPE, ARPA, SAMAN, SİLAJLIK MISIR"
733,Tuzlukçu,GÜRSU,"ARPA, HAZIR YEM"
734,Tuzlukçu,ERDOĞDU,"ARPA, SAMAN, SİLAJLIK MISIR"
735,Tuzlukçu,KÖKLÜCE,"YULAF, ARPA, HAZIR YEM"
736,Yalıhüyük,SARAY,"BUĞDAY, ARPA, HAZIR YEM"
737,Yalıhüyük,ARASÖĞÜT,"FİĞ, ARPA, HAZIR YEM"
738,Yunak,KUZÖREN,"YULAF, ARPA, HAZIR YEM"
739,Yunak,KOÇYAZI,"ARPA, YONCA, SİLAJLIK MISIR, HAZIR YEM"
740,Yunak,TURGUT,"BUĞDAY, YULAF, ARPA"
741,Yunak,PİRİBEYLİ,"BUĞDAY, ARPA, SAMAN, HAZIR YEM"
742,Yunak,SÜLÜKLÜ,HAZIR YEM
743,Yunak,ALTINÖZ,"ARPA, SAMAN, YONCA, SİLAJLIK MISIR"
744,Yunak,AYRITEPE,"KÜSPE, ARPA, SAMAN, HAZIR YEM"
745,Yunak,BEŞIŞIKLI,"BUĞDAY, FİĞ, ARPA, YONCA"
746,Yunak,CEBRAİL,"KÜSPE, KEPEK, SAMAN, YONCA, SİLAJLIK MISIR, HAZIR YEM"
747,Yunak,ÇAYIRBAŞI,"BUĞDAY, ARPA, YONCA, SİLAJLIK MISIR"
748,Yunak,EĞRİKUYU,"ARPA, YONCA, SİLAJLIK MISIR"
749,Yunak,HACIÖMEROĞLU,"SAMAN, YONCA, HAZIR YEM"
750,Yunak,HATIRLI,"SAMAN, YONCA, HAZIR YEM"
751,Yunak,HACIFAKILI,"KÜSPE, ARPA, HAZIR YEM"
752,Yunak,HARUNLAR,"KÜSPE, ARPA, SAMAN, HAZIR YEM"
753,Yunak,HURSUNLU,"BUĞDAY, KÜSPE, ARPA, SAMAN, HAZIR YEM"
754,Yunak,İMAMOĞLU,"KÜSPE, ARPA, SİLAJLIK MISIR, HAZIR YEM"
755,Yunak,KARGALI,"BUĞDAY, KÜSPE, ARPA, SAMAN, HAZIR YEM"
756,Yunak,KARAYAYLA,"BUĞDAY, KÜSPE, ARPA, YONCA, SİLAJLIK MISIR, HAZIR YEM"
757,Yunak,KILLAR,"FİĞ, ARPA, SAMAN, YONCA, SİLAJLIK MISIR"
758,Yunak,KURTUŞAĞI,"BUĞDAY, KÜSPE, ARPA, SAMAN, YONCA, SİLAJLIK MISIR, HAZIR YEM"
759,Yunak,KUYUBAŞI,"KÜSPE, ARPA, SAMAN, HAZIR YEM"
760,Yunak,MEŞELİK,"SAMAN, SİLAJLIK MISIR, HAZIR YEM"
761,Yunak,ODABAŞI,"FİĞ, KÜSPE, SAMAN, YONCA, SİLAJLIK MISIR, HAZIR YEM"
762,Yunak,ORTAKIŞLA,"BUĞDAY, ARPA, SAMAN, HAZIR YEM"
763,Yunak,ÖZYAYLA,"ARPA, YONCA, HAZIR YEM"
764,Yunak,SERTLER,"ARPA, SAMAN, YONCA, SİLAJLIK MISIR, HAZIR YEM"
765,Yunak,SEVİNÇ,"ARPA, ÇAVDAR, SAMAN, YONCA, HAZIR YEM"
766,Yunak,SIRAM,"BUĞDAY, ARPA, SAMAN, HAZIR YEM"
767,Yunak,SİNANLI,"ARPA, SAMAN, HAZIR YEM"
768,Yunak,YAVAŞLI,"SAMAN, YONCA, HAZIR YEM"
769,Yunak,YEŞİLOBA,"YULAF, ARPA, SİLAJLIK MISIR, HAZIR YEM"
770,Yunak,YEŞİLYAYLA,"BUĞDAY, KÜSPE, ARPA, SAMAN, HAZIR YEM"
771,Yunak,YIĞAR,"BUĞDAY, FİĞ, SAMAN, YONCA, SİLAJLIK MISIR"
772,Yunak,SARAY,"FİĞ, SİLAJLIK MISIR"
773,"","",""
