_id,ilce_adi,mahalle_adi,sulanabilir_alanda_yetistirilen_urunler
1,Ahırlı,ALİÇERÇİ,YOK
2,Ahırlı,BADEMLİ,YOK
3,Ahırlı,BALIKLAVA,"ELMA, KİRAZ, VİŞNE, ÇİLEK, ERİK"
4,Ahırlı,BÜYÜKÖZ,"BUĞDAY, ARPA"
5,Ahırlı,ÇİFTLİK,FASULYE
6,Ahırlı,ERDOĞAN,"ELMA, KİRAZ, ÜZÜM, DOMATES, BİBER, PATLICAN, PATATES"
7,Ahırlı,KARACAKUYU,"BUĞDAY, DOMATES, PATLICAN, PATATES"
8,Ahırlı,KAYACIK,"MISIR, ELMA, FASULYE"
9,Ahırlı,KURUÇAY,"DOMATES, PATATES"
10,Ahırlı,KÜÇÜKÖZ,"ELMA, ERİK"
11,Akören,AVDAN,"DOMATES, BİBER, PATLICAN, PATATES, SOĞAN"
12,Akören,KAYASU,"ELMA, KİRAZ, ÇİLEK, FASULYE, DOMATES, BİBER, PATLICAN, PATATES"
13,Akören,AHMEDİYE,"ŞEKER PANCARI, MISIR, AYÇİÇEĞİ, FASULYE"
14,Akören,ALAN,YOK
15,Akören,BELKUYU,"ELMA, KİRAZ"
16,Akören,ÇATÖREN,"ŞEKER PANCARI, MISIR, FASULYE, PATATES"
17,Akören,DUTLU,YOK
18,Akören,ORHANİYE,"ŞEKER PANCARI, MISIR, FASULYE, PATATES"
19,Akören,SÜLEYMANİYE,"BUĞDAY, ŞEKER PANCARI, MISIR, FASULYE, KAVUN, KARPUZ"
20,Akören,TÜLCE,"DOMATES, PATLICAN, PATATES, SOĞAN"
21,Akören,KARAHÜYÜK,"MISIR, YONCA, PATATES"
22,Akşehir,ÇAKILLAR,"KİRAZ, VİŞNE, ÇİLEK"
23,Akşehir,GEDİL,"BUĞDAY, FASULYE, HAŞHAŞ, DOMATES, SARIMSAK"
24,Akşehir,KARAHÜYÜK,"BUĞDAY, ŞEKER PANCARI, MISIR, DOMATES, SALATALIK"
25,Akşehir,ADSIZ,"ŞEKER PANCARI, VİŞNE, HAŞHAŞ"
26,Akşehir,ALANYURT,"KİRAZ, VİŞNE, ÇİLEK"
27,Akşehir,ALTUNTAŞ,"ŞEKER PANCARI, MISIR, HAŞHAŞ"
28,Akşehir,ATAKENT,"ELMA, KİRAZ, VİŞNE, ÇİLEK"
29,Akşehir,BOZLAĞAN,"HAŞHAŞ, DOMATES, BİBER, PATLICAN, PATATES"
30,Akşehir,CANKURTARAN,ÇİLEK
31,Akşehir,ÇAMLI,"MISIR, VİŞNE, ERİK"
32,Akşehir,ÇİMENDERE,"ŞEKER PANCARI, ÇİLEK, PATATES"
33,Akşehir,DEĞİRMENKÖY,"KİRAZ, VİŞNE"
34,Akşehir,DOĞRUGÖZ,"KİRAZ, VİŞNE, ÇİLEK, ERİK"
35,Akşehir,ENGİLİ,"KİRAZ, VİŞNE, ÜZÜM, DOMATES, BİBER, PATLICAN, PATATES"
36,Akşehir,GÖLÇAYIR,"ELMA, KİRAZ, VİŞNE"
37,Akşehir,GÖZPINARI,"ŞEKER PANCARI, MISIR, HAŞHAŞ"
38,Akşehir,ILICAK,"KİRAZ, VİŞNE, ÇİLEK, DOMATES, BİBER, PATLICAN, PATATES, SOĞAN, SARIMSAK"
39,Akşehir,KARABULUT,"BİBER, PATLICAN, SALATALIK"
40,Akşehir,ORTACA,"DOMATES, PATLICAN, PATATES, SOĞAN"
41,Akşehir,ORTAKÖY,ŞEKER PANCARI
42,Akşehir,REİS,"MISIR, DOMATES, BİBER, PATLICAN, PATATES"
43,Akşehir,SAVAŞ,"KİRAZ, VİŞNE, PATATES, SARIMSAK"
44,Akşehir,SORKUN,"KİRAZ, VİŞNE, ÇİLEK"
45,Akşehir,SÖĞÜTLÜ,"BUĞDAY, ARPA, ŞEKER PANCARI, HAŞHAŞ"
46,Akşehir,TEKKE,YOK
47,Akşehir,TİPİKÖY,"MISIR, YONCA, ASPİR, HAŞHAŞ"
48,Akşehir,ULUPINAR,"KİRAZ, VİŞNE"
49,Akşehir,ÜÇHÜYÜK,"KİRAZ, ÇİLEK"
50,Akşehir,YAŞARLAR,"ŞEKER PANCARI, MISIR, HAŞHAŞ"
51,Akşehir,YAYLABELEN,"MISIR, YONCA, FASULYE"
52,Akşehir,YAZLA,"ŞEKER PANCARI, MISIR, YONCA, HAŞHAŞ"
53,Akşehir,YENİKÖY,"KİRAZ, VİŞNE, ÇİLEK"
54,Akşehir,YEŞİLKÖY,"ŞEKER PANCARI, MISIR, FASULYE, DOMATES, BİBER, PATLICAN, PATATES"
55,Akşehir,SARAY,"KİRAZ, VİŞNE, DOMATES"
56,Altınekin,OĞUZELİ,"ŞEKER PANCARI, MISIR, AYÇİÇEĞİ"
57,Altınekin,AKCAŞAR,"ŞEKER PANCARI, MISIR, AYÇİÇEĞİ, ÇEREZLİK KABAK"
58,Altınekin,AYIŞIĞI,YOK
59,Altınekin,AKKÖY,"BUĞDAY, ŞEKER PANCARI, AYÇİÇEĞİ"
60,Altınekin,BORUKKUYU,"ŞEKER PANCARI, MISIR, AYÇİÇEĞİ, KAVUN, KARPUZ"
61,Altınekin,HACINUMAN,"ŞEKER PANCARI, MISIR, AYÇİÇEĞİ, FASULYE"
62,Altınekin,KARAKAYA,"DOMATES, BİBER, PATLICAN, PATATES"
63,Altınekin,KOÇAŞ,"ŞEKER PANCARI, AYÇİÇEĞİ"
64,Altınekin,KOÇYAKA,"ŞEKER PANCARI, MISIR, AYÇİÇEĞİ"
65,Altınekin,MANTAR,"BUĞDAY, ARPA, ŞEKER PANCARI"
66,Altınekin,YENİÖLMEZ,"BUĞDAY, ARPA, ŞEKER PANCARI, MISIR, AYÇİÇEĞİ"
67,Altınekin,SARNIÇ,"ŞEKER PANCARI, MISIR, AYÇİÇEĞİ, FASULYE"
68,Altınekin,TOPRAKLIK,"ŞEKER PANCARI, AYÇİÇEĞİ"
69,Altınekin,YENİKUYU,"ŞEKER PANCARI, MISIR, AYÇİÇEĞİ, PATATES"
70,Altınekin,YENİYAYLA,"ŞEKER PANCARI, MISIR, AYÇİÇEĞİ, FASULYE"
71,Altınekin,DEDELER,"ŞEKER PANCARI, MISIR, AYÇİÇEĞİ, FASULYE"
72,Altınekin,AKINCILAR,"ŞEKER PANCARI, MISIR, AYÇİÇEĞİ"
73,Beyşehir,ADAKÖY,FASULYE
74,Beyşehir,AĞILÖNÜ,"ELMA, ÇİLEK, DOMATES, BİBER, PATLICAN, PATATES"
75,Beyşehir,AKBURUN,ŞEKER PANCARI
76,Beyşehir,AKÇABELEN,"ÇİLEK, FASULYE, DOMATES, BİBER, PATLICAN, PATATES"
77,Beyşehir,AVDANCIK,"ŞEKER PANCARI, PATATES"
78,Beyşehir,BADEMLİ,YOK
79,Beyşehir,BAYAT,"ŞEKER PANCARI, PATATES"
80,Beyşehir,BAYAVŞAR,"ŞEKER PANCARI, DOMATES, BİBER, PATLICAN, PATATES"
81,Beyşehir,BAYINDIR,"ŞEKER PANCARI, ELMA, DOMATES, BİBER, PATLICAN, PATATES"
82,Beyşehir,BAŞGÖZE,"BUĞDAY, ARPA, YONCA, PATATES"
83,Beyşehir,BEKDEMİR,"ŞEKER PANCARI, DOMATES, BİBER, PATATES, SOĞAN, SARIMSAK"
84,Beyşehir,DAMLAPINAR,"ŞEKER PANCARI, ELMA, KİRAZ, ÇİLEK, DOMATES, BİBER, PATLICAN, PATATES"
85,Beyşehir,DOĞANBEY,"BUĞDAY, ŞEKER PANCARI, YONCA"
86,Beyşehir,DOĞANCIK,HAŞHAŞ
87,Beyşehir,DUMANLI,"FASULYE, DOMATES, PATATES, SOĞAN"
88,Beyşehir,EMEN,"ŞEKER PANCARI, MISIR, DOMATES, BİBER, PATLICAN, PATATES, SOĞAN"
89,Beyşehir,ESENCE,ŞEKER PANCARI
90,Beyşehir,EYLİKLER,ŞEKER PANCARI
91,Beyşehir,EĞİRLER,"BUĞDAY, ARPA, YONCA"
92,Beyşehir,FASILLAR,"ŞEKER PANCARI, FASULYE"
93,Beyşehir,GÖKÇEKUYU,"MISIR, YONCA, FASULYE, PATATES"
94,Beyşehir,GÖKÇİMEN,"YONCA, DOMATES, BİBER, PATLICAN, PATATES"
95,Beyşehir,GÖLKAŞI,"ŞEKER PANCARI, MISIR"
96,Beyşehir,GÖLYAKA,"ELMA, KİRAZ"
97,Beyşehir,GÖNEN,"BUĞDAY, ARPA, MERCİMEK"
98,Beyşehir,GÖÇÜ,"ŞEKER PANCARI, FASULYE, DOMATES, BİBER, PATATES"
99,Beyşehir,GÜNDOĞDU,"ŞEKER PANCARI, FASULYE"
100,Beyşehir,HUĞLU,"CEVİZ, FASULYE, DOMATES, BİBER, PATLICAN, PATATES"
101,Beyşehir,HÜSEYİNLER,"MISIR, KİRAZ"
102,Beyşehir,İSAKÖY,"BUĞDAY, ŞEKER PANCARI, MISIR, DOMATES, BİBER, PATLICAN, PATATES"
103,Beyşehir,KARAALİ,"BUĞDAY, ARPA"
104,Beyşehir,KARABAYAT,ŞEKER PANCARI
105,Beyşehir,KARADİKEN,"ŞEKER PANCARI, FASULYE, KAVUN, KARPUZ, DOMATES, BİBER"
106,Beyşehir,KARAHİSAR,"ŞEKER PANCARI, MISIR, KİRAZ, ÇİLEK, FASULYE, DOMATES, BİBER, PATLICAN, PATATES"
107,Beyşehir,KAYABAŞI,"DOMATES, BİBER, PATLICAN, PATATES"
108,Beyşehir,KURUCUOVA,"DOMATES, BİBER, PATLICAN, PATATES, SOĞAN, SARIMSAK"
109,Beyşehir,KUŞLUCA,ŞEKER PANCARI
110,Beyşehir,KÜÇÜKAVŞAR,"ELMA, KİRAZ, ÇİLEK, DOMATES, BİBER, PATLICAN, PATATES"
111,Beyşehir,MESUTLAR,"DOMATES, BİBER, PATLICAN, PATATES, SOĞAN, SARIMSAK"
112,Beyşehir,SADIKHACI,"ŞEKER PANCARI, MISIR"
113,Beyşehir,SARIKÖY,"ŞEKER PANCARI, PATATES, SOĞAN"
114,Beyşehir,SEVİNDİK,"CEVİZ, PATATES"
115,Beyşehir,ŞAMLAR,"DOMATES, BİBER, PATLICAN, PATATES, SOĞAN, SARIMSAK"
116,Beyşehir,ÜÇPINAR,"ŞEKER PANCARI, DOMATES, BİBER, PATLICAN, PATATES"
117,Beyşehir,ÜSTÜNLER,"YONCA, FASULYE, DOMATES, BİBER, PATLICAN, PATATES, SOĞAN, SARIMSAK"
118,Beyşehir,ÜZÜMLÜ,"ÜZÜM, DOMATES, BİBER, PATLICAN, PATATES, SOĞAN"
119,Beyşehir,YAZYURDU,"DOMATES, BİBER, PATLICAN, PATATES"
120,Beyşehir,YENİDOĞAN,"BUĞDAY, ARPA, ŞEKER PANCARI"
121,Beyşehir,YEŞİLDAĞ,"FASULYE, DOMATES, BİBER, PATLICAN, PATATES, SOĞAN"
122,Beyşehir,YUKARIESENCE,ŞEKER PANCARI
123,Beyşehir,YUNUSLAR,"MISIR, ELMA, CEVİZ, DOMATES, BİBER, PATLICAN, PATATES"
124,Beyşehir,ÇİFTLİK,"ŞEKER PANCARI, PATATES"
125,Beyşehir,ÇİVRİL,"ŞEKER PANCARI, ÜZÜM, DOMATES, PATATES"
126,Beyşehir,ÇUKURAĞIL,"ŞEKER PANCARI, MISIR, FASULYE, DOMATES, BİBER, PATLICAN, PATATES"
127,Bozkır,ÇAĞLAYAN,"ELMA, KİRAZ, VİŞNE, ÜZÜM"
128,Bozkır,HAMZALAR,"ELMA, KİRAZ, ÜZÜM, ÇİLEK"
129,Bozkır,AKÇAPINAR,"BUĞDAY, ARPA, NOHUT, ELMA, KİRAZ, DOMATES, BİBER, PATATES"
130,Bozkır,ARMUTLU,"ÇİLEK, PATATES"
131,Bozkır,ARSLANTAŞ,PATATES
132,Bozkır,AYDINKIŞLA,"DOMATES, PATATES"
133,Bozkır,AYVALCA,"ELMA, KİRAZ, DOMATES, PATATES"
134,Bozkır,BAĞYURDU,"ELMA, KİRAZ, ARMUT"
135,Bozkır,BAYBAĞAN,"DOMATES, BİBER, PATATES, SARIMSAK, MARUL"
136,Bozkır,BOZDAM,ELMA
137,Bozkır,DEREİÇİ,"KİRAZ, ÜZÜM"
138,Bozkır,DEREKÖY,"ELMA, PATATES"
139,Bozkır,ELMAAĞAÇ,YOK
140,Bozkır,HACILAR,"ELMA, KİRAZ"
141,Bozkır,HACIYUNUSLAR,PATATES
142,Bozkır,HARMANPINAR,"ELMA, KİRAZ"
143,Bozkır,HİSARLIK,ÜZÜM
144,Bozkır,IŞIKLAR,"ELMA, KİRAZ, PATATES, SOĞAN"
145,Bozkır,KARABAYIR,"FASULYE, PATATES"
146,Bozkır,KARACAARDIÇ,"ELMA, MERCİMEK"
147,Bozkır,KARACAHİSAR,PATATES
148,Bozkır,KARAYAHYA,YOK
149,Bozkır,KAYACILAR,"KAVUN, KARPUZ"
150,Bozkır,KAYAPINAR,"ÜZÜM, PATATES"
151,Bozkır,KINIK,"ELMA, ÜZÜM"
152,Bozkır,KIZILÇAKIR,YOK
153,Bozkır,KİLDERE,"BUĞDAY, NOHUT, MERCİMEK"
154,Bozkır,KOVANLIK,"ELMA, DOMATES, PATATES"
155,Bozkır,KOZAĞAÇ,"ELMA, KİRAZ, ERİK, CEVİZ"
156,Bozkır,KUŞÇA,"BUĞDAY, ARPA, NOHUT"
157,Bozkır,KÜÇÜKHİSARLIK,"ELMA, KİRAZ, ÜZÜM, DOMATES, PATLICAN"
158,Bozkır,PINARCIK,"KİRAZ, ÇİLEK, DOMATES, BİBER, PATATES"
159,Bozkır,SARIOĞLAN,"BUĞDAY, ARPA, NOHUT"
160,Bozkır,SAZLI,"ELMA, KİRAZ"
161,Bozkır,SOĞUCAK,"KİRAZ, ÇİLEK, PATATES"
162,Bozkır,SORKUN,"FASULYE, PATATES"
163,Bozkır,SÖĞÜT,"ELMA, PATATES"
164,Bozkır,TARLABAŞI,"FASULYE, DOMATES, PATATES"
165,Bozkır,TAŞBAŞI,YOK
166,Bozkır,TEPEARASI,"ELMA, KİRAZ, DOMATES, PATATES"
167,Bozkır,TEPELİCE,"BUĞDAY, ARPA, NOHUT"
168,Bozkır,ULUPINAR,"KİRAZ, DOMATES, PATATES"
169,Bozkır,ÜÇPINAR,"ELMA, PATATES"
170,Bozkır,YALNIZCA,PATATES
171,Bozkır,YAZDAMI,"ELMA, KİRAZ, ÜZÜM, FASULYE, DOMATES, BİBER, PATLICAN, PATATES"
172,Bozkır,YELBEYİ,"ELMA, KİRAZ, ÜZÜM"
173,Bozkır,YENİKÖY,"KİRAZ, ÜZÜM"
174,Bozkır,YOLÖREN,"ELMA, ERİK, DOMATES, SALATALIK"
175,Çeltik,GÖKPINAR,"ŞEKER PANCARI, AYÇİÇEĞİ, SOĞAN"
176,Çeltik,ADAKASIM,"ŞEKER PANCARI, MISIR, AYÇİÇEĞİ, REZENE"
177,Çeltik,DOĞANYURT,"ŞEKER PANCARI, MISIR, AYÇİÇEĞİ"
178,Çeltik,KAŞÖREN,"ŞEKER PANCARI, MISIR, AYÇİÇEĞİ, KANOLA"
179,Çeltik,KÜÇÜKHASAN,"ŞEKER PANCARI, MISIR, AYÇİÇEĞİ, PATATES"
180,Çeltik,TORUNLAR,"ŞEKER PANCARI, MISIR, AYÇİÇEĞİ, KAVUN, KARPUZ"
181,Çeltik,İSHAKUŞAĞI,"ŞEKER PANCARI, MISIR, AYÇİÇEĞİ, REZENE"
182,Çeltik,HONAMLI,"ŞEKER PANCARI, MISIR, AYÇİÇEĞİ, FASULYE"
183,Cihanbeyli,BÖĞRÜDELİK,"ŞEKER PANCARI, MISIR, AYÇİÇEĞİ, FASULYE"
184,Cihanbeyli,YAPALI,"ŞEKER PANCARI, AYÇİÇEĞİ"
185,Cihanbeyli,YENİCEOBA,ŞEKER PANCARI
186,Cihanbeyli,CUMHURİYET,YOK
187,Cihanbeyli,GEMECİK,"ŞEKER PANCARI, MISIR"
188,Cihanbeyli,GÖKTEPE,YOK
189,Cihanbeyli,AĞABEYLİ,"ŞEKER PANCARI, MISIR, AYÇİÇEĞİ"
190,Cihanbeyli,HODOĞLU,YOK
191,Cihanbeyli,KAYI,"ŞEKER PANCARI, MISIR"
192,Cihanbeyli,KIRKIŞLA,"ŞEKER PANCARI, MISIR, AYÇİÇEĞİ"
193,Cihanbeyli,KORKMAZLAR,"BUĞDAY, ARPA"
194,Cihanbeyli,KÜÇÜKBEŞKAVAK,"BUĞDAY, ARPA"
195,Cihanbeyli,MUTLUKONAK,"BUĞDAY, ARPA, ELMA, KİRAZ, VİŞNE, ÜZÜM"
196,Cihanbeyli,SAĞLIK,YOK
197,Cihanbeyli,SIĞIRCIK,"BUĞDAY, ARPA, AYÇİÇEĞİ"
198,Cihanbeyli,TURANLAR,YOK
199,Cihanbeyli,TÜFEKÇİPINAR,"ŞEKER PANCARI, AYÇİÇEĞİ, FASULYE"
200,Cihanbeyli,UZUNCAYAYLA,"MISIR, AYÇİÇEĞİ"
201,Cihanbeyli,YÜNLÜKUYU,YOK
202,Cihanbeyli,ZAFERİYE,"ŞEKER PANCARI, MISIR, AYÇİÇEĞİ, PATATES"
203,Cihanbeyli,GÖLYAZI,"ŞEKER PANCARI, MISIR"
204,Cihanbeyli,GÜNYÜZÜ,"ŞEKER PANCARI, AYÇİÇEĞİ"
205,Cihanbeyli,İNSUYU,"ŞEKER PANCARI, MISIR, AYÇİÇEĞİ"
206,Cihanbeyli,KANDİL,"BUĞDAY, ARPA, NOHUT, MERCİMEK, KİMYON"
207,Cihanbeyli,KARABAĞ,YOK
208,Cihanbeyli,KELHASAN,"AYÇİÇEĞİ, YONCA"
209,Cihanbeyli,KUŞCA,"ŞEKER PANCARI, MISIR"
210,Cihanbeyli,KÜTÜKUŞAĞI,"ŞEKER PANCARI, MISIR, AYÇİÇEĞİ, KAVUN, KARPUZ"
211,Cihanbeyli,TAŞPINAR,"ŞEKER PANCARI, MISIR, AYÇİÇEĞİ"
212,Cihanbeyli,BEYLİOVA,"MISIR, AYÇİÇEĞİ, PATATES"
213,Cihanbeyli,ÇİMEN,ŞEKER PANCARI
214,Cihanbeyli,ÇÖL,"ŞEKER PANCARI, MISIR"
215,Cihanbeyli,DAMLAKUYU,YOK
216,Cihanbeyli,BULDUK,YOK
217,Cihanbeyli,BÜYÜKBEŞKAVAK,YOK
218,Cihanbeyli,KARATEPE,YOK
219,Çumra,ARIKÖREN,"ŞEKER PANCARI, MISIR"
220,Çumra,DEDEMOĞLU,"ŞEKER PANCARI, MISIR"
221,Çumra,TÜRKMENCAMİLİ,"ŞEKER PANCARI, MISIR"
222,Çumra,A.B.HÜYÜĞÜ,"ŞEKER PANCARI, MISIR, AYÇİÇEĞİ, FASULYE"
223,Çumra,DİNEK,"ŞEKER PANCARI, MISIR, FASULYE"
224,Çumra,İÇERİÇUMRA,"ŞEKER PANCARI, MISIR, AYÇİÇEĞİ, FASULYE"
225,Çumra,GÜVERCİNLİK,"ŞEKER PANCARI, MISIR, AYÇİÇEĞİ, DOMATES"
226,Çumra,KARKIN,"ŞEKER PANCARI, MISIR, AYÇİÇEĞİ, KAVUN"
227,Çumra,OKÇU,"ŞEKER PANCARI, MISIR, AYÇİÇEĞİ"
228,Çumra,YENİSU,"ŞEKER PANCARI, MISIR, KAVUN, KARPUZ"
229,Çumra,APA,"BUĞDAY, ŞEKER PANCARI, MISIR, FASULYE"
230,Çumra,ABDİTOLU,"BUĞDAY, ŞEKER PANCARI, MISIR, AYÇİÇEĞİ"
231,Çumra,ADAKALE,"ŞEKER PANCARI, MISIR, YONCA"
232,Çumra,ALEMDAR,"ŞEKER PANCARI, MISIR, FASULYE"
233,Çumra,APASARAYCIK,"MISIR, FASULYE"
234,Çumra,AFŞAR,YOK
235,Çumra,AVDUL,"ŞEKER PANCARI, MISIR, FASULYE"
236,Çumra,BALÇIKHİSAR,"ŞEKER PANCARI, MISIR, FASULYE, KAVUN, KARPUZ"
237,Çumra,BEYLERCE,"BUĞDAY, ŞEKER PANCARI, MISIR, FASULYE"
238,Çumra,B.AŞLAMA,"MISIR, AYÇİÇEĞİ"
239,Çumra,CİCEK,"BUĞDAY, ARPA, FASULYE, DOMATES"
240,Çumra,ÇUKURKAVAK,"BUĞDAY, ARPA"
241,Çumra,DİNLENDİK,"ŞEKER PANCARI, MISIR"
242,Çumra,DİNEKSARAY,"ŞEKER PANCARI, FASULYE, KAVUN, KARPUZ"
243,Çumra,DOĞANLI,"ŞEKER PANCARI, MISIR, FASULYE"
244,Çumra,FETHİYE,"MISIR, FASULYE"
245,Çumra,GÖKHÜYÜK,"ŞEKER PANCARI, MISIR, YONCA"
246,Çumra,ERENTEPE,"ŞEKER PANCARI, MISIR, AYÇİÇEĞİ, FASULYE"
247,Çumra,İNLİ,"ŞEKER PANCARI, MISIR"
248,Çumra,KUZUCU,"ŞEKER PANCARI, MISIR, AYÇİÇEĞİ, PATATES"
249,Çumra,KÜÇÜKKÖY,"ŞEKER PANCARI, MISIR, AYÇİÇEĞİ"
250,Çumra,SEÇME,"ŞEKER PANCARI, MISIR, AYÇİÇEĞİ, FASULYE, KAVUN"
251,Çumra,SÜRGÜÇ,"ŞEKER PANCARI, MISIR, AYÇİÇEĞİ"
252,Çumra,TAHTALI,"BUĞDAY, ARPA"
253,Çumra,T.KARAHÜYÜK,"ŞEKER PANCARI, MISIR, AYÇİÇEĞİ"
254,Çumra,TAŞAĞIL,"ŞEKER PANCARI, MISIR, AYÇİÇEĞİ"
255,Çumra,UZUNKUYU,"ŞEKER PANCARI, MISIR, AYÇİÇEĞİ"
256,Çumra,ÜÇHÜYÜK,"BUĞDAY, ŞEKER PANCARI, MISIR"
257,Çumra,ÜRÜNLÜ,"ŞEKER PANCARI, MISIR"
258,Çumra,YÖRÜKCAMİLİ,"BUĞDAY, ARPA, ŞEKER PANCARI, MISIR"
259,Çumra,ÇAYBAŞI,"ŞEKER PANCARI, MISIR, FASULYE, ÇEREZLİK KABAK"
260,Derbent,ÇİFTLİKÖZÜ,"ŞEKER PANCARI, MISIR, FASULYE"
261,Derbent,DEĞİŞ,YOK
262,Derbent,TEKKE,"BUĞDAY, ARPA"
263,Derbent,GÜNEYKÖY,"ELMA, KİRAZ, VİŞNE, ERİK"
264,Derbent,MÜLAYİM,YOK
265,Derbent,SARAYPINAR,"ELMA, KİRAZ, VİŞNE"
266,Derbent,YASSIÖREN,"BUĞDAY, ARPA, FASULYE"
267,Derbent,SÜLEYMAN,"BUĞDAY, ARPA, ŞEKER PANCARI, MISIR"
268,Derbent,KARALAR,"ÇİLEK, YONCA, FASULYE"
269,Derebucak,ÇAMLIK,"ELMA, DOMATES, PATATES"
270,Derebucak,DURAK,YOK
271,Derebucak,GENCEK,"ÇİLEK, FASULYE, PATATES"
272,Derebucak,GÖYNEM,"ÇİLEK, FASULYE"
273,Derebucak,PINARBAŞI,"ÇİLEK, FASULYE"
274,Derebucak,TAŞLIPINAR,"FASULYE, DOMATES, BİBER"
275,Derebucak,TEPEARASI,"KİRAZ, DOMATES"
276,Derebucak,UĞURLU,"FASULYE, DOMATES, BİBER"
277,Doğanhisar,BAŞKÖY,"ELMA, VİŞNE, ÇİLEK"
278,Doğanhisar,YAZLICA,"ŞEKER PANCARI, ÇİLEK, FASULYE, PATATES"
279,Doğanhisar,AYASLAR,"KİRAZ, VİŞNE, ÇİLEK"
280,Doğanhisar,ÇINAROBA,"AYÇİÇEĞİ, KİRAZ, VİŞNE, ÇİLEK, FASULYE"
281,Doğanhisar,DEŞTİĞİN,"ÇİLEK, FASULYE"
282,Doğanhisar,FIRINLI,"KİRAZ, VİŞNE, ÇİLEK, CEVİZ, FASULYE, DOMATES, BİBER, PATLICAN, PATATES"
283,Doğanhisar,GÜVENDİK,"VİŞNE, ÇİLEK"
284,Doğanhisar,İLYASLAR,"KİRAZ, VİŞNE, FASULYE, DOMATES, BİBER, PATLICAN, PATATES, SOĞAN"
285,Doğanhisar,KARAAĞA,ŞEKER PANCARI
286,Doğanhisar,KEMER,YOK
287,Doğanhisar,KOÇAŞ,"BUĞDAY, ARPA, NOHUT"
288,Doğanhisar,KONAKKALE,"VİŞNE, ÇİLEK, DOMATES, PATATES"
289,Doğanhisar,TEKKE,"ELMA, KİRAZ, VİŞNE, FASULYE"
290,Doğanhisar,UNCULAR,"MISIR, ÇİLEK, YONCA, FASULYE, DOMATES, BİBER, PATLICAN, PATATES"
291,Doğanhisar,YAZIR,FASULYE
292,Doğanhisar,YENİCE,"ŞEKER PANCARI, MISIR, ÇİLEK, FASULYE"
293,Emirgazi,EKİZLİ,ÜZÜM
294,Emirgazi,AKMESCİT,MISIR
295,Emirgazi,BESCİ,"ŞEKER PANCARI, MISIR, YONCA"
296,Emirgazi,DEMİRCİ,"MISIR, YONCA, FASULYE, DOMATES, BİBER, PATLICAN, PATATES"
297,Emirgazi,GÖLÖREN,"BUĞDAY, ARPA"
298,Emirgazi,IŞIKLAR,MISIR
299,Emirgazi,KARAÖREN,"DOMATES, BİBER, PATATES, SOĞAN"
300,Emirgazi,MEŞELİ,"BUĞDAY, MISIR"
301,Emirgazi,ÖBEKTAŞ,YOK
302,Emirgazi,YAMAÇ,"MISIR, YONCA"
303,Ereğli,ZENGEN,"ŞEKER PANCARI, MISIR, AYÇİÇEĞİ, YONCA"
304,Ereğli,ACIPINAR,"ŞEKER PANCARI, MISIR, AYÇİÇEĞİ"
305,Ereğli,ADABAĞ,"ŞEKER PANCARI, YONCA"
306,Ereğli,AKHÜYÜK,"MISIR, AYÇİÇEĞİ, YONCA"
307,Ereğli,ALHAN,"ŞEKER PANCARI, MISIR, YONCA"
308,Ereğli,AŞAĞI GÖNDELEN,"ŞEKER PANCARI, MISIR, YONCA"
309,Ereğli,AŞIKLAR,"ŞEKER PANCARI, MISIR, YONCA"
310,Ereğli,AZİZİYE,"ŞEKER PANCARI, MISIR, KAVUN, KARPUZ, DOMATES"
311,Ereğli,BAHÇELİ,"ŞEKER PANCARI, MISIR, AYÇİÇEĞİ"
312,Ereğli,BELCEAĞAÇ,"ŞEKER PANCARI, MISIR"
313,Ereğli,BELKAYA,"ŞEKER PANCARI, MISIR, AYÇİÇEĞİ, YONCA"
314,Ereğli,BEYKÖY,"ŞEKER PANCARI, MISIR, AYÇİÇEĞİ"
315,Ereğli,BEYÖREN,"ŞEKER PANCARI, MISIR, YONCA, SİYAH HAVUÇ"
316,Ereğli,BULGURLUK,"ŞEKER PANCARI, AYÇİÇEĞİ, ELMA, FASULYE, KAVUN, KARPUZ"
317,Ereğli,BURHANİYE,"MISIR, AYÇİÇEĞİ, DOMATES"
318,Ereğli,BÜYÜKDEDE,"BUĞDAY, MISIR, ELMA, KİRAZ, VİŞNE, ERİK, DOMATES, PATATES"
319,Ereğli,ÇAKMAK,"BUĞDAY, MISIR"
320,Ereğli,ÇAYHAN,"ŞEKER PANCARI, MISIR"
321,Ereğli,ÇİLLER,"ŞEKER PANCARI, MISIR, KAVUN, KARPUZ, DOMATES, BİBER"
322,Ereğli,ÇİMENCİK,"BUĞDAY, MISIR"
323,Ereğli,GAYBİ,"MISIR, NOHUT, KİRAZ, FASULYE"
324,Ereğli,GÖKÇEYAZI,"MISIR, KİRAZ, YONCA"
325,Ereğli,GÖKTÖME,"ŞEKER PANCARI, MISIR, AYÇİÇEĞİ"
326,Ereğli,HACIMEMİŞ,"ŞEKER PANCARI, MISIR, KİRAZ, DOMATES"
327,Ereğli,KAMIŞLIKUYU,"ARPA, ŞEKER PANCARI, MISIR"
328,Ereğli,KARABURUN,"BUĞDAY, ARPA, MISIR"
329,Ereğli,KARGACI,"ŞEKER PANCARI, MISIR"
330,Ereğli,KIZILGEDİK,YOK
331,Ereğli,KUSKUNCUK,"BUĞDAY, ŞEKER PANCARI, MISIR, AYÇİÇEĞİ, ELMA"
332,Ereğli,KUTÖREN,"ELMA, KAVUN, DOMATES, PATATES"
333,Ereğli,KUZUKUYU,"ŞEKER PANCARI, MISIR, AYÇİÇEĞİ, SİYAH HAVUÇ"
334,Ereğli,MELİCEK,"BUĞDAY, ARPA, ŞEKER PANCARI, MISIR, YONCA"
335,Ereğli,ORHANİYE,"ŞEKER PANCARI, MISIR, KİRAZ"
336,Ereğli,ÖZGÜRLER,"BUĞDAY, ŞEKER PANCARI, MISIR"
337,Ereğli,PINARÖZÜ,"ŞEKER PANCARI, MISIR, DOMATES"
338,Ereğli,SARICA,"MISIR, KİRAZ, YONCA"
339,Ereğli,SARITOPALLI,"MISIR, YONCA, DOMATES"
340,Ereğli,SELVİLİ,"BUĞDAY, ARPA, ŞEKER PANCARI, YONCA"
341,Ereğli,TAŞAĞIL,"ŞEKER PANCARI, MISIR, AYÇİÇEĞİ"
342,Ereğli,TAŞBUDAK,"MISIR, FASULYE, DOMATES"
343,Ereğli,TATLIKUYU,"ŞEKER PANCARI, MISIR, AYÇİÇEĞİ"
344,Ereğli,TÜRKMEN,"ŞEKER PANCARI, MISIR, AYÇİÇEĞİ"
345,Ereğli,ULUMEŞE,"MISIR, YONCA, FASULYE"
346,Ereğli,YAZLIK,"MISIR, KİRAZ, VİŞNE, ÜZÜM"
347,Ereğli,YELLİCE,MISIR
348,Ereğli,YENİKÖY,"ŞEKER PANCARI, MISIR, ELMA, KAVUN, KARPUZ, DOMATES, BİBER"
349,Ereğli,YILDIZLI,"ELMA, KİRAZ, ERİK, KAYISI"
350,Ereğli,YUKARIGÖNDELEN,"ŞEKER PANCARI, MISIR, AYÇİÇEĞİ, KAVUN, KARPUZ"
351,Ereğli,HORTU,"ŞEKER PANCARI, MISIR, DOMATES, SİYAH HAVUÇ"
352,Ereğli,ACIKUYU,"ŞEKER PANCARI, MISIR, AYÇİÇEĞİ, YONCA, KAVUN, KARPUZ, DOMATES"
353,Güneysınır,GÜRAĞAÇ,YOK
354,Güneysınır,AĞAÇOBA,"MISIR, NOHUT, FASULYE, PATATES"
355,Güneysınır,ALANÖZÜ,"BUĞDAY, ARPA, DOMATES, BİBER, PATLICAN, PATATES"
356,Güneysınır,AVCITEPE,"BUĞDAY, NOHUT, ÜZÜM"
357,Güneysınır,AYDOĞMUŞ,YOK
358,Güneysınır,HABİLLER,"KİRAZ, ÜZÜM, ŞEFTALİ"
359,Güneysınır,KARAGÜNEY,"BUĞDAY, ARPA, NOHUT, FASULYE"
360,Güneysınır,KAYAAĞZI,"BUĞDAY, ARPA, MISIR, NOHUT, FASULYE, PATATES"
361,Güneysınır,KIZILÖZ,"ELMA, FASULYE"
362,Güneysınır,KURUKAVAK,"BUĞDAY, ARPA, ELMA, DOMATES"
363,Güneysınır,MEHMET ALİ,"MISIR, NOHUT, PATATES"
364,Güneysınır,ÖMEROĞLU,"BUĞDAY, ELMA, KİRAZ, ÜZÜM"
365,Güneysınır,ÖRENBOYALI,"FASULYE, PATATES"
366,Güneysınır,SARIHACI,"KİRAZ, ÜZÜM, ÇİLEK"
367,Hadim,AŞAĞIEŞENLER,"KİRAZ, ÜZÜM"
368,Hadim,AŞAĞIKIZILKAYA,"BUĞDAY, KİRAZ, SARIMSAK"
369,Hadim,BADEMLİ,"ELMA, KİRAZ, ÜZÜM"
370,Hadim,BAĞBAŞI,"ELMA, KİRAZ, DOMATES, BİBER, PATLICAN, PATATES, SOĞAN, SARIMSAK"
371,Hadim,BEYRELİ,"ELMA, KİRAZ, FASULYE, DOMATES"
372,Hadim,BOLAT,"ELMA, KİRAZ, ÜZÜM"
373,Hadim,ÇİFTEPINAR,"ELMA, KİRAZ, ÜZÜM, ARMUT, ŞEFTALİ"
374,Hadim,DEDEMLİ,"ELMA, KİRAZ, ÜZÜM, DOMATES, BİBER, PATLICAN, PATATES"
375,Hadim,DÜLGERLER,"AYÇİÇEĞİ, ELMA, KİRAZ, ÜZÜM, SARIMSAK"
376,Hadim,FAKILAR,KİRAZ
377,Hadim,GAZİLER,"ELMA, KİRAZ, ÜZÜM"
378,Hadim,GÖYNÜKKIŞLA,"ELMA, KİRAZ, ÜZÜM, DOMATES, BİBER, PATATES, SARIMSAK"
379,Hadim,GÜLPINAR,"KİRAZ, DOMATES, BİBER, PATATES"
380,Hadim,İĞDEÖREN,YOK
381,Hadim,KALINAĞIL,"ELMA, KİRAZ, ÜZÜM, DOMATES, BİBER, PATATES"
382,Hadim,KAPLANLI,"ELMA, KİRAZ, ÜZÜM, ARMUT"
383,Hadim,GEZLEVİ,"KİRAZ, DOMATES, BİBER, PATLICAN, PATATES"
384,Hadim,KÜPLÜCE,"ELMA, KİRAZ, ÜZÜM"
385,Hadim,ODUNCU,"FASULYE, DOMATES, BİBER, PATATES"
386,Hadim,SARNIÇ,KİRAZ
387,Hadim,SELAHATTİN,"ELMA, KİRAZ, ÜZÜM"
388,Hadim,UMURLAR,"ELMA, KİRAZ"
389,Hadim,YAĞCI,"ELMA, KİRAZ, ÜZÜM"
390,Hadim,YALINÇEVRE,"KİRAZ, ÜZÜM, FASULYE, PATATES"
391,Hadim,YELMEZ,"ELMA, KİRAZ, ÜZÜM, ŞEFTALİ"
392,Hadim,YENİKONAK,"KİRAZ, ÜZÜM, CEVİZ"
393,Hadim,YUKARIEŞENLER,"KİRAZ, ÜZÜM"
394,Halkapınar,İVRİZ,"ELMA, KİRAZ, VİŞNE"
395,Halkapınar,BÜYÜKDOĞAN,"KİRAZ, ÜZÜM, CEVİZ"
396,Halkapınar,DEDELİ,"ELMA, KİRAZ, CEVİZ"
397,Halkapınar,DELİMAHMUTLU,"ELMA, KİRAZ, CEVİZ"
398,Halkapınar,ESKİHİSAR,"ELMA, KİRAZ, CEVİZ"
399,Halkapınar,KARAYUSUFLU,"ELMA, KİRAZ, FASULYE"
400,Halkapınar,KAYASARAY,"ELMA, KİRAZ, ÜZÜM"
401,Halkapınar,KÖRLÜ,"KİRAZ, VİŞNE, ÜZÜM, CEVİZ, DOMATES, SALATALIK"
402,Halkapınar,KÜSERE,"KİRAZ, VİŞNE, ERİK, CEVİZ"
403,Halkapınar,OSMANKÖSELİ,"ELMA, KİRAZ, CEVİZ"
404,Halkapınar,SEYDİFAKILI,"MISIR, KİRAZ, YONCA"
405,Halkapınar,YASSIKAYA,"KİRAZ, FASULYE, DOMATES, PATATES"
406,Halkapınar,YAYIKLI,"ELMA, KİRAZ, CEVİZ, FASULYE, DOMATES"
407,Halkapınar,YEŞİLYURT,"MISIR, ELMA, KİRAZ, YONCA, CEVİZ, DOMATES"
408,Halkapınar,ÇAKILLAR,"ELMA, KİRAZ, ÇİLEK"
409,Hüyük,BAŞLAMIŞ,"KİRAZ, ÇİLEK, FASULYE, DOMATES, PATATES, SALATALIK"
410,Hüyük,BUDAK,"ŞEKER PANCARI, KİRAZ, VİŞNE, ÇİLEK, DOMATES, PATATES, ŞEFTALİ"
411,Hüyük,BURUNSUZ,"ÜZÜM, ÇİLEK, CEVİZ"
412,Hüyük,ÇAMLICA,"ELMA, KİRAZ, ERİK"
413,Hüyük,ÇAVUŞ,"ELMA, ÇİLEK, CEVİZ, DOMATES, BİBER, PATATES"
414,Hüyük,ÇUKURKENT,"MISIR, KİRAZ, ÇİLEK, YONCA"
415,Hüyük,DEĞİRMENALTI,ÇİLEK
416,Hüyük,GÖÇERİ,"ÇİLEK, FASULYE, DOMATES, BİBER, PATATES"
417,Hüyük,GÖRÜNMEZ,"BUĞDAY, ŞEKER PANCARI, ÇİLEK, CEVİZ, DOMATES, BİBER, SOĞAN"
418,Hüyük,İLMEN,"KİRAZ, VİŞNE, ÇİLEK"
419,Hüyük,İMRENLER,"ŞEKER PANCARI, ÇİLEK"
420,Hüyük,KIRELİ,"ŞEKER PANCARI, ELMA, KİRAZ, CEVİZ"
421,Hüyük,KÖŞK,ŞEKER PANCARI
422,Hüyük,MUTLU,ÇİLEK
423,Hüyük,PINARBAŞI,"KİRAZ, VİŞNE, YONCA, FASULYE, DOMATES"
424,Hüyük,SELKİ,"ŞEKER PANCARI, MISIR, YONCA"
425,Hüyük,SULUDERE,"ELMA, KİRAZ, ÇİLEK, ARMUT"
426,Hüyük,TOLCA,"ARPA, ŞEKER PANCARI"
427,Hüyük,YENİCE,"ŞEKER PANCARI, MISIR, ELMA, KİRAZ, ÇİLEK"
428,Ilgın,ARGITHANI,"ŞEKER PANCARI, HAŞHAŞ"
429,Ilgın,BEYKONAK,"ŞEKER PANCARI, MISIR, HAŞHAŞ"
430,Ilgın,ÇAVUŞÇUGÖL,"ŞEKER PANCARI, AYÇİÇEĞİ, ELMA, KİRAZ, YONCA, FASULYE, DOMATES, BİBER, PATLICAN, PATATES"
431,Ilgın,AĞALAR,"ŞEKER PANCARI, MISIR, YONCA"
432,Ilgın,BALKI,YONCA
433,Ilgın,BARAKMUSLU,YOK
434,Ilgın,BELEKLER,"NOHUT, YULAF, PATATES"
435,Ilgın,BOĞAZKENT,"ŞEKER PANCARI, ELMA, FASULYE"
436,Ilgın,BULCUK,"ŞEKER PANCARI, ELMA, VİŞNE, CEVİZ"
437,Ilgın,BÜYÜKOBA,"ŞEKER PANCARI, YONCA"
438,Ilgın,ÇİĞİL,"ŞEKER PANCARI, NOHUT, PATLICAN, PATATES, SOĞAN"
439,Ilgın,ÇATAK,YOK
440,Ilgın,ÇOBANKAYA,YOK
441,Ilgın,ÇÖMLEKCİ,YOK
442,Ilgın,DEREKÖY,YOK
443,Ilgın,DIĞRAK,YOK
444,Ilgın,DÜĞER,"BUĞDAY, ARPA, MISIR"
445,Ilgın,ELDEŞ,"BUĞDAY, ARPA, ŞEKER PANCARI"
446,Ilgın,GEÇİT,"ŞEKER PANCARI, MISIR"
447,Ilgın,GEDİKÖREN,"ŞEKER PANCARI, MISIR"
448,Ilgın,GÖSTERE,"ŞEKER PANCARI, AYÇİÇEĞİ, NOHUT, PATATES"
449,Ilgın,GÖKÇEYURT,"ELMA, KİRAZ, HAŞHAŞ"
450,Ilgın,GÖLYAKA,"BUĞDAY, ARPA"
451,Ilgın,GÖKBUDAK,"ŞEKER PANCARI, ÇİLEK, YONCA"
452,Ilgın,GÜNEYPINAR,"KİRAZ, YONCA, DOMATES"
453,Ilgın,HARMANYAZI,"ŞEKER PANCARI, MISIR"
454,Ilgın,İHSANİYE,"ŞEKER PANCARI, HAŞHAŞ"
455,Ilgın,KAPAKLI,"BUĞDAY, ŞEKER PANCARI, MISIR"
456,Ilgın,KARAKÖY,"ŞEKER PANCARI, HAŞHAŞ"
457,Ilgın,KALEKÖY,"BUĞDAY, MISIR, NOHUT"
458,Ilgın,MAHMUTHİSAR,"ŞEKER PANCARI, MISIR"
459,Ilgın,MECİDİYE,"ŞEKER PANCARI, MISIR, FASULYE"
460,Ilgın,MİSAFİRLİ,"MISIR, YONCA"
461,Ilgın,OLUKPINAR,"MISIR, YONCA"
462,Ilgın,ORHANİYE,"ŞEKER PANCARI, MISIR, YONCA"
463,Ilgın,ORMANÖZÜ,"AYÇİÇEĞİ, FASULYE"
464,Ilgın,SADIKKÖY,"ARPA, ŞEKER PANCARI, MISIR, HAŞHAŞ"
465,Ilgın,SEBİLLER,HAŞHAŞ
466,Ilgın,TEKELER,YOK
467,Ilgın,YUKARIÇİĞİL,"ŞEKER PANCARI, MISIR, YONCA"
468,Ilgın,YORAZLAR,"ŞEKER PANCARI, MISIR, YONCA"
469,Ilgın,ZAFERİYE,"ŞEKER PANCARI, YONCA, HAŞHAŞ"
470,Ilgın,AVDAN,"YONCA, BİBER"
471,Kadınhanı,OSMANCIK,"MISIR, YONCA"
472,Kadınhanı,AFŞARLI,"BUĞDAY, ARPA, ŞEKER PANCARI"
473,Kadınhanı,ALABAĞ,"YONCA, DOMATES, BİBER, PATLICAN"
474,Kadınhanı,ATLANTI,"MISIR, AYÇİÇEĞİ"
475,Kadınhanı,BAKIRPINAR,"BUĞDAY, ŞEKER PANCARI, FASULYE"
476,Kadınhanı,BAŞKUYU,"ŞEKER PANCARI, MISIR, AYÇİÇEĞİ"
477,Kadınhanı,BAYRAMLI,"ŞEKER PANCARI, FASULYE"
478,Kadınhanı,BEYKAVAĞI,"KİRAZ, VİŞNE, ÇİLEK, FASULYE"
479,Kadınhanı,BULGURPINAR,"BUĞDAY, ARPA"
480,Kadınhanı,ÇAVDAR,"ŞEKER PANCARI, MISIR"
481,Kadınhanı,ÇEŞMECİK,YOK
482,Kadınhanı,ÇUBUK,YOK
483,Kadınhanı,DEMİROLUK,"BUĞDAY, ARPA, ELMA"
484,Kadınhanı,HACIMEHMETLİ,"BUĞDAY, ŞEKER PANCARI, AYÇİÇEĞİ"
485,Kadınhanı,HACIOFLAZLAR,"BUĞDAY, ARPA, YONCA"
486,Kadınhanı,HACIPİRLİ,"ŞEKER PANCARI, AYÇİÇEĞİ, FASULYE"
487,Kadınhanı,KABACALI,YOK
488,Kadınhanı,KAMIŞLIÖZÜ,"BUĞDAY, ŞEKER PANCARI, MISIR, AYÇİÇEĞİ"
489,Kadınhanı,KARAHİSARLI,"ŞEKER PANCARI, MISIR, AYÇİÇEĞİ, FASULYE"
490,Kadınhanı,KARAKURTLU,"ŞEKER PANCARI, MISIR, AYÇİÇEĞİ"
491,Kadınhanı,KARASEVİNÇ,YOK
492,Kadınhanı,KARAYÜRÜKLÜ,"ŞEKER PANCARI, YONCA, FASULYE"
493,Kadınhanı,KIZILKUYU,"BUĞDAY, ARPA"
494,Kadınhanı,KOLUKISA,"MISIR, AYÇİÇEĞİ"
495,Kadınhanı,KONURÖREN,"ŞEKER PANCARI, MISIR, AYÇİÇEĞİ"
496,Kadınhanı,KÖKEZ,"ŞEKER PANCARI, FASULYE"
497,Kadınhanı,KÖYLÜTOLU,"BUĞDAY, ARPA, YONCA"
498,Kadınhanı,KURTHASANLI,ŞEKER PANCARI
499,Kadınhanı,KÜÇÜKKUYU,"ŞEKER PANCARI, MISIR, FASULYE"
500,Kadınhanı,MAHMUDİYE,"ŞEKER PANCARI, MISIR, AYÇİÇEĞİ"
501,Kadınhanı,MEYDANLI,"ŞEKER PANCARI, MISIR, AYÇİÇEĞİ, YONCA"
502,Kadınhanı,ÖRNEK,MERCİMEK
503,Kadınhanı,PİRALİ,YOK
504,Kadınhanı,PUSAT,"ŞEKER PANCARI, MISIR, AYÇİÇEĞİ"
505,Kadınhanı,SAÇIKARA,"ŞEKER PANCARI, MISIR, AYÇİÇEĞİ, BİBER, SOĞAN"
506,Kadınhanı,SARIKAYA,YOK
507,Kadınhanı,SÖĞÜTÖZÜ,"MISIR, AYÇİÇEĞİ, YONCA"
508,Kadınhanı,ŞAHÖREN,"MISIR, YONCA, FASULYE"
509,Kadınhanı,TOSUNOĞLU,"BUĞDAY, ŞEKER PANCARI"
510,Kadınhanı,YAĞLICA,YOK
511,Kadınhanı,YAYLAYAKA,"ŞEKER PANCARI, NOHUT, FASULYE"
512,Karapınar,HOTAMIŞ,"BUĞDAY, ŞEKER PANCARI, MISIR, AYÇİÇEĞİ"
513,Karapınar,KESMEZ,"KAVUN, KARPUZ"
514,Karapınar,AKÇAYAZI,YOK
515,Karapınar,AKÖREN,"BUĞDAY, ŞEKER PANCARI, MISIR, YONCA, DOMATES, HAVUÇ"
516,Karapınar,ÇİĞİL,"ŞEKER PANCARI, MISIR, AYÇİÇEĞİ, PATATES"
517,Karapınar,HASANOBA,"BUĞDAY, ŞEKER PANCARI, MISIR, AYÇİÇEĞİ"
518,Karapınar,İSLİK,"BUĞDAY, ŞEKER PANCARI, MISIR, AYÇİÇEĞİ"
519,Karapınar,KARAKIŞLA,"ŞEKER PANCARI, MISIR, AYÇİÇEĞİ, PATATES"
520,Karapınar,KAYACIK,"BUĞDAY, ARPA, ŞEKER PANCARI, MISIR, AYÇİÇEĞİ"
521,Karapınar,KAYALI,"ŞEKER PANCARI, MISIR, YONCA"
522,Karapınar,KAZANHÜYÜĞÜ,"ŞEKER PANCARI, MISIR, AYÇİÇEĞİ, YONCA"
523,Karapınar,KÜÇÜKAŞLAMA,"ŞEKER PANCARI, MISIR, AYÇİÇEĞİ"
524,Karapınar,ORTAOBA,"ŞEKER PANCARI, MISIR, AYÇİÇEĞİ"
525,Karapınar,OYMALI,DOMATES
526,Karapınar,SAZLIPINAR,"ŞEKER PANCARI, MISIR, AYÇİÇEĞİ"
527,Karapınar,YAĞMAPINAR,"DOMATES, BİBER"
528,Karapınar,YENİKUYU,"BUĞDAY, ŞEKER PANCARI, MISIR"
529,Karapınar,YEŞİLYURT,"ARPA, ŞEKER PANCARI, MISIR, YONCA, SARIMSAK"
530,Karatay,YARMA,"BUĞDAY, ŞEKER PANCARI, MISIR, AYÇİÇEĞİ"
531,Karatay,ACIDORT,"BUĞDAY, ARPA, AYÇİÇEĞİ, YONCA"
532,Karatay,AĞSAKLI,"ŞEKER PANCARI, MISIR, AYÇİÇEĞİ"
533,Karatay,AKBAŞ,"ŞEKER PANCARI, MISIR, AYÇİÇEĞİ"
534,Karatay,AKÖRENKIŞLA,"ŞEKER PANCARI, MISIR, AYÇİÇEĞİ, PATATES"
535,Karatay,BAKIRTOLU,"BUĞDAY, ARPA, ŞEKER PANCARI, MISIR, AYÇİÇEĞİ, YONCA"
536,Karatay,BAŞGÖTÜREN,"ŞEKER PANCARI, MISIR, AYÇİÇEĞİ"
537,Karatay,BEŞAĞIL,"ŞEKER PANCARI, MISIR, AYÇİÇEĞİ"
538,Karatay,BÜYÜKBURNAK,"ŞEKER PANCARI, MISIR, AYÇİÇEĞİ"
539,Karatay,ÇENGİLTİ,"ŞEKER PANCARI, MISIR, AYÇİÇEĞİ, YONCA"
540,Karatay,DİVANLAR,YOK
541,Karatay,ESENTEPE,"ŞEKER PANCARI, MISIR, AYÇİÇEĞİ"
542,Karatay,GÖÇÜ,"ŞEKER PANCARI, MISIR, AYÇİÇEĞİ"
543,Karatay,HAYIROĞLU MERKEZ,"ŞEKER PANCARI, MISIR, AYÇİÇEĞİ"
544,Karatay,İPEKLER,"ŞEKER PANCARI, MISIR, AYÇİÇEĞİ"
545,Karatay,İSMİL,"BUĞDAY, ARPA, ŞEKER PANCARI, MISIR, AYÇİÇEĞİ"
546,Karatay,KARADONA,"ŞEKER PANCARI, MISIR, AYÇİÇEĞİ"
547,Karatay,KARAKAYA,YOK
548,Karatay,KATRANCI,"ŞEKER PANCARI, MISIR, AYÇİÇEĞİ"
549,Karatay,KIZÖREN,"ŞEKER PANCARI, MISIR, AYÇİÇEĞİ"
550,Karatay,KÖSEALİ,"ŞEKER PANCARI, MISIR, AYÇİÇEĞİ"
551,Karatay,OBRUK,"BUĞDAY, ŞEKER PANCARI, MISIR, AYÇİÇEĞİ"
552,Karatay,OVAKAVAĞI,"ŞEKER PANCARI, MISIR, AYÇİÇEĞİ"
553,Karatay,SAKYATAN,"BUĞDAY, MISIR, YONCA"
554,Karatay,SÜRÜÇ,"ŞEKER PANCARI, MISIR, AYÇİÇEĞİ"
555,Karatay,ŞATIR,"ŞEKER PANCARI, MISIR, AYÇİÇEĞİ"
556,Karatay,YAĞLIBAYAT,"BUĞDAY, ŞEKER PANCARI, AYÇİÇEĞİ"
557,Karatay,YAVŞANKUYU,"ŞEKER PANCARI, MISIR, AYÇİÇEĞİ"
558,Karatay,YENİCE,"ŞEKER PANCARI, MISIR, AYÇİÇEĞİ"
559,Karatay,YENİKENT,"ŞEKER PANCARI, MISIR, AYÇİÇEĞİ, YONCA"
560,Karatay,ZİNCİRLİ,"BUĞDAY, ARPA, MISIR, AYÇİÇEĞİ, YONCA"
561,Kulu,ACIKUYU,YOK
562,Kulu,AĞILBAŞI,"NOHUT, KANOLA"
563,Kulu,ALTILAR,"NOHUT, FASULYE"
564,Kulu,ARŞINCA,"NOHUT, MERCİMEK, KİMYON"
565,Kulu,BEŞKARDEŞ,YOK
566,Kulu,BOĞAZÖREN,YOK
567,Kulu,BOZAN,"MERCİMEK, KİMYON"
568,Kulu,BURUNAĞIL,"FASULYE, KİMYON"
569,Kulu,CANIMANA,"YULAF, KİMYON"
570,Kulu,CELEP,"ŞEKER PANCARI, KİMYON"
571,Kulu,DİPDEDE,YOK
572,Kulu,DOĞUTEPE,"NOHUT, KİMYON"
573,Kulu,FEVZİYE,"ŞEKER PANCARI, NOHUT, KİMYON"
574,Kulu,GÖKLER,YOK
575,Kulu,GÜZELYAYLA,"ŞEKER PANCARI, FASULYE"
576,Kulu,HİSAR,YOK
577,Kulu,KARACADAĞ,"NOHUT, MERCİMEK"
578,Kulu,KARACADERE,YOK
579,Kulu,KIRKKUYU,YOK
580,Kulu,KIRKPINAR,YOK
581,Kulu,KOZANLI,"ŞEKER PANCARI, MISIR, AYÇİÇEĞİ"
582,Kulu,KÖMÜŞİNİ,YOK
583,Kulu,KÖŞKER,YOK
584,Kulu,SARIYAYLA,"ŞEKER PANCARI, FASULYE"
585,Kulu,SEYİTAHMETLİ,"BUĞDAY, ARPA, NOHUT"
586,Kulu,SOĞUKKUYU,"BUĞDAY, NOHUT"
587,Kulu,ŞEREFLİ,MERCİMEK
588,Kulu,TAVLIÖREN,"NOHUT, MERCİMEK"
589,Kulu,ÖMERANLI,KİMYON
590,Kulu,TUZYAKA,"BUĞDAY, ŞEKER PANCARI, MERCİMEK"
591,Kulu,YARAŞLI,YOK
592,Kulu,YAZIÇAYIR,YOK
593,Kulu,YEŞİLTEPE,KİMYON
594,Kulu,YEŞİLYURT,"BUĞDAY, MERCİMEK"
595,Kulu,ZİNCİRLİKUYU,"BUĞDAY, ŞEKER PANCARI"
596,Kulu,BAHADIRLI,"ŞEKER PANCARI, MISIR, AYÇİÇEĞİ"
597,Kulu,DEĞİRMENÖZÜ,"MISIR, YONCA"
598,Meram,ERENKAYA,YOK
599,Meram,YATAĞAN,"DOMATES, BİBER, PATLICAN, PATATES"
600,Meram,GÖKYURT,"ELMA, ÜZÜM, PATATES, SOĞAN"
601,Meram,BAYAT,"BUĞDAY, NOHUT"
602,Meram,BORUKTOLU,"BUĞDAY, ŞEKER PANCARI, MISIR"
603,Meram,BOTSA,"BUĞDAY, ŞEKER PANCARI, MISIR"
604,Meram,ÇAYIRBAĞI,"ELMA, KİRAZ, VİŞNE, ERİK, FASULYE, DOMATES, BİBER, PATLICAN, PATATES"
605,Meram,ÇOMAKLAR,"ELMA, KİRAZ, ÜZÜM, FASULYE, PATATES"
606,Meram,ÇUKURÇİMEN,"KİRAZ, PATATES, SOĞAN"
607,Meram,EVLİYATEKKE,"BUĞDAY, ARPA, ELMA, ÇİLEK"
608,Meram,HATUNSARAY,"ŞEKER PANCARI, MISIR, FASULYE, DOMATES, BİBER"
609,Meram,İKİPINAR,"FASULYE, PATATES"
610,Meram,İLYASBABA,"YONCA, DOMATES, BİBER, PATATES"
611,Meram,İNLİCE,"DOMATES, BİBER, PATATES"
612,Meram,KARAAĞAÇ,YOK
613,Meram,KAVAK,"ŞEKER PANCARI, MISIR, NOHUT, FASULYE"
614,Meram,KAYADİBİ,"ŞEKER PANCARI, MISIR, PATATES"
615,Meram,KAYALI,"NOHUT, ELMA, KİRAZ"
616,Meram,KAYHÜYÜK,"DOMATES, BİBER, PATLICAN, PATATES"
617,Meram,KIZILÖREN,"ÇİLEK, FASULYE, DOMATES, BİBER, PATATES"
618,Meram,KUMRALI,"ÇİLEK, DOMATES, BİBER, PATLICAN, PATATES"
619,Meram,SADIKLAR,"ELMA, KİRAZ, ÇİLEK, DOMATES, BİBER, PATATES"
620,Meram,SAĞLIK,"MISIR, ÇİLEK, PATATES"
621,Meram,SARIKIZ,YOK
622,Meram,SEFAKÖY,"BUĞDAY, ÇİLEK, FASULYE"
623,Meram,YEŞİLDERE,"DOMATES, BİBER, PATLICAN, PATATES"
624,Meram,YEŞİLTEKKE,"KİRAZ, FASULYE, PATATES, SOĞAN"
625,Meram,KAŞINHANI,"ŞEKER PANCARI, DOMATES, HAVUÇ, PIRASA, MARUL, LAHANA"
626,Sarayönü,LADİK,"BUĞDAY, ARPA, MISIR"
627,Sarayönü,BAHÇESARAY,"BUĞDAY, ARPA"
628,Sarayönü,BAŞHÜYÜK,"ŞEKER PANCARI, MISIR, AYÇİÇEĞİ, PATATES"
629,Sarayönü,BOYALI,"BUĞDAY, ARPA"
630,Sarayönü,BÜYÜKZENGİ,"ŞEKER PANCARI, MISIR, ELMA, FASULYE"
631,Sarayönü,ÇEŞMELİSEBİL,"BUĞDAY, ARPA, MISIR, AYÇİÇEĞİ"
632,Sarayönü,DEĞİRMENLİ,"BUĞDAY, ŞEKER PANCARI, FASULYE"
633,Sarayönü,ERTUĞRUL,"ŞEKER PANCARI, MISIR, DOMATES"
634,Sarayönü,GÖZLÜ,"ŞEKER PANCARI, MISIR, FASULYE"
635,Sarayönü,KADIOĞLU,"BUĞDAY, ARPA"
636,Sarayönü,KARABIYIK,YOK
637,Sarayönü,KARATEPE,"ŞEKER PANCARI, MISIR, FASULYE, PATATES"
638,Sarayönü,KAYIÖREN,"MISIR, NOHUT, FASULYE"
639,Sarayönü,KONAR,"BUĞDAY, ARPA"
640,Sarayönü,KURŞUNLU,YOK
641,Sarayönü,KUYULUSEBİL,"ŞEKER PANCARI, MISIR, AYÇİÇEĞİ, FASULYE"
642,Sarayönü,ÖZKENT,"ŞEKER PANCARI, MISIR, AYÇİÇEĞİ"
643,Sarayönü,YENİCEKAYA,"MISIR, FASULYE"
644,Selçuklu,BAŞARAKAVAK,"NOHUT, DOMATES, BİBER, PATLICAN, PATATES, SOĞAN"
645,Selçuklu,hasan,""
646,Selçuklu,SARAYKÖY,YOK
647,Selçuklu,SULUTAS,YOK
648,Selçuklu,TATKÖY,"BUĞDAY, ARPA"
649,Selçuklu,AKPINAR,"BUĞDAY, ARPA"
650,Selçuklu,BAĞRIKURT,YOK
651,Selçuklu,BİÇER,YOK
652,Selçuklu,ÇALDERE,"BUĞDAY, ARPA, FASULYE"
653,Selçuklu,ÇALTI,"ŞEKER PANCARI, MISIR, AYÇİÇEĞİ"
654,Selçuklu,ÇANDIR,YOK
655,Selçuklu,DAĞDERE,YONCA
656,Selçuklu,EĞRİBAYAT,"ŞEKER PANCARI, MISIR, AYÇİÇEĞİ, YONCA"
657,Selçuklu,GÜVENÇ,"ŞEKER PANCARI, MISIR, AYÇİÇEĞİ"
658,Selçuklu,KALE,ŞEKER PANCARI
659,Selçuklu,KARAÖMERLER,"ŞEKER PANCARI, AYÇİÇEĞİ"
660,Selçuklu,KERVAN,YOK
661,Selçuklu,KINIK,YOK
662,Selçuklu,KIZILCAKUYU,YOK
663,Selçuklu,MEYDAN,YOK
664,Selçuklu,SELAHATTİN,"FASULYE, DOMATES, BİBER, PATATES"
665,Selçuklu,SIZMA,"BUĞDAY, ARPA, NOHUT"
666,Selçuklu,TEPEKENT,ÇİLEK
667,Selçuklu,ULUMUHSİNE,"BUĞDAY, ARPA"
668,Selçuklu,YAZIBELEN,"ŞEKER PANCARI, MISIR, FASULYE"
669,Selçuklu,SİLLE,"ELMA, KİRAZ, ÜZÜM, DOMATES, BİBER, PATLICAN, PATATES"
670,Selçuklu,ARDIÇLI,"ELMA, KİRAZ, DOMATES, BİBER, PATLICAN, PATATES, SOĞAN"
671,Selçuklu,AŞAĞIPINARBAŞI,"ŞEKER PANCARI, AYÇİÇEĞİ, FASULYE"
672,Selçuklu,YUKARIPINARBAŞI,"ŞEKER PANCARI, MISIR"
673,Selçuklu,KÜÇÜKMUHSİNE,"ELMA, FASULYE, KABAK, DOMATES, PATATES"
674,Selçuklu,SARICALAR,"BUĞDAY, ARPA, ŞEKER PANCARI, AYÇİÇEĞİ, YONCA"
675,Selçuklu,TÖMEK,"AYÇİÇEĞİ, YONCA"
676,Selçuklu,YÜKSELEN,"ELMA, KİRAZ, ÜZÜM, DOMATES, BİBER, PATATES"
677,Selçuklu,Mehmet Fatih,""
678,Seydişehir,KESECİK,"ARPA, ŞEKER PANCARI, DOMATES, PATATES, ÇEREZLİK KABAK"
679,Seydişehir,AKÇALAR,"ŞEKER PANCARI, FASULYE, PATATES, ÇEREZLİK KABAK"
680,Seydişehir,AŞAĞIKARAÖREN,"ŞEKER PANCARI, AYÇİÇEĞİ"
681,Seydişehir,BAŞKARAÖREN,"ŞEKER PANCARI, MISIR, AYÇİÇEĞİ"
682,Seydişehir,BOSTANDERE,"BUĞDAY, ŞEKER PANCARI, DOMATES, BİBER"
683,Seydişehir,BOYALI,"ŞEKER PANCARI, ÇEREZLİK KABAK"
684,Seydişehir,BÜKÇE,"FASULYE, PATATES"
685,Seydişehir,ÇAT,"FASULYE, DOMATES"
686,Seydişehir,ÇATMAKAYA,"ÇİLEK, FASULYE, DOMATES, PATATES"
687,Seydişehir,ÇAVUŞ,"BUĞDAY, ARPA, ELMA, ÇİLEK"
688,Seydişehir,DİKİLİTAŞ,"BUĞDAY, ÇİLEK, PATATES"
689,Seydişehir,GEVREKLİ,"ŞEKER PANCARI, PATATES, ÇEREZLİK KABAK"
690,Seydişehir,GÖKÇEHÜYÜK,"ŞEKER PANCARI, ÇEREZLİK KABAK"
691,Seydişehir,GÖKHÜYÜK,"BUĞDAY, ŞEKER PANCARI, MISIR, ÇEREZLİK KABAK"
692,Seydişehir,GÖLYÜZÜ,"ŞEKER PANCARI, FASULYE"
693,Seydişehir,IRMAKLI,"ŞEKER PANCARI, PATATES, ÇEREZLİK KABAK"
694,Seydişehir,İNCESU,ŞEKER PANCARI
695,Seydişehir,KARABULAK,"BUĞDAY, ŞEKER PANCARI"
696,Seydişehir,KARACAÖREN,"FASULYE, PATATES"
697,Seydişehir,KAVAK,"DOMATES, PATATES, SOĞAN"
698,Seydişehir,KETENLİ,"KİRAZ, VİŞNE, ÇİLEK"
699,Seydişehir,KIZILCA,"FASULYE, DOMATES"
700,Seydişehir,KOZLU,"FASULYE, DOMATES, PATATES"
701,Seydişehir,KUMLUCA,"ŞEKER PANCARI, VİŞNE, KAVUN, KARPUZ, PATATES"
702,Seydişehir,KURAN,"ŞEKER PANCARI, KAVUN, KARPUZ, PATATES"
703,Seydişehir,MADENLİ,YOK
704,Seydişehir,MESUDİYE,"ÇİLEK, DOMATES"
705,Seydişehir,MURADİYE,ŞEKER PANCARI
706,Seydişehir,OĞLAKÇI,"FASULYE, DOMATES, BİBER"
707,Seydişehir,ORTAKARAÖREN,"ŞEKER PANCARI, MISIR, ÇEREZLİK KABAK"
708,Seydişehir,SARAYCIK,"ELMA, KİRAZ, DOMATES, BİBER, PATATES"
709,Seydişehir,SUSUZ,"ŞEKER PANCARI, FASULYE, ŞEFTALİ"
710,Seydişehir,TARAŞÇI,"DOMATES, SALATALIK"
711,Seydişehir,TAŞAĞIL,"ŞEKER PANCARI, YONCA, FASULYE, PATATES"
712,Seydişehir,TEPECİK,YOK
713,Seydişehir,TOL,"ŞEKER PANCARI, DOMATES, BİBER, PATLICAN"
714,Seydişehir,UFACIK,YOK
715,Seydişehir,YAYLACIK,ÇİLEK
716,Seydişehir,YENİCE,"DOMATES, PATATES"
717,Taşkent,AFŞAR,"KİRAZ, ÜZÜM, CEVİZ"
718,Taşkent,BALCILAR,"ELMA, KİRAZ, ÇİLEK, CEVİZ"
719,Taşkent,BOLAY,"ELMA, KİRAZ, ÜZÜM, ÇİLEK, DOMATES, BİBER"
720,Taşkent,ÇETMİ,"ELMA, KİRAZ, ÇİLEK"
721,Taşkent,KECİMEN,"KİRAZ, ÜZÜM, ERİK"
722,Taşkent,KONGUL,KİRAZ
723,Taşkent,SAZAK,"KİRAZ, CEVİZ"
724,Taşkent,ILICAPINAR,"ELMA, KİRAZ, ÜZÜM, ÇİLEK, DOMATES, BİBER, PATATES"
725,Tuzlukçu,KONARI,YOK
726,Tuzlukçu,MEVLÜTLÜ,YOK
727,Tuzlukçu,KORAŞI,YOK
728,Tuzlukçu,ÇÖĞÜRLÜ,"ŞEKER PANCARI, AYÇİÇEĞİ, HAŞHAŞ"
729,Tuzlukçu,TURSUNLU,ŞEKER PANCARI
730,Tuzlukçu,KUNDULLU,YOK
731,Tuzlukçu,PAZARKAYA,YOK
732,Tuzlukçu,SUBATAN,ŞEKER PANCARI
733,Tuzlukçu,GÜRSU,ŞEKER PANCARI
734,Tuzlukçu,ERDOĞDU,"ŞEKER PANCARI, MISIR, AYÇİÇEĞİ"
735,Tuzlukçu,KÖKLÜCE,"BUĞDAY, ARPA, MISIR"
736,Yalıhüyük,SARAY,YOK
737,Yalıhüyük,ARASÖĞÜT,YOK
738,Yunak,KUZÖREN,"ŞEKER PANCARI, MISIR, AYÇİÇEĞİ, HAŞHAŞ"
739,Yunak,KOÇYAZI,"BUĞDAY, ARPA, YONCA"
740,Yunak,TURGUT,"ŞEKER PANCARI, MISIR, AYÇİÇEĞİ, FASULYE"
741,Yunak,PİRİBEYLİ,YOK
742,Yunak,SÜLÜKLÜ,"BUĞDAY, ARPA"
743,Yunak,ALTINÖZ,"ŞEKER PANCARI, AYÇİÇEĞİ, PATATES"
744,Yunak,AYRITEPE,YOK
745,Yunak,BEŞIŞIKLI,"BUĞDAY, KİMYON"
746,Yunak,CEBRAİL,YOK
747,Yunak,ÇAYIRBAŞI,"BUĞDAY, MISIR"
748,Yunak,EĞRİKUYU,"ŞEKER PANCARI, MISIR, HAŞHAŞ"
749,Yunak,HACIÖMEROĞLU,SOĞAN
750,Yunak,HATIRLI,"BUĞDAY, FASULYE, PATATES"
751,Yunak,HACIFAKILI,"ŞEKER PANCARI, MISIR, PATATES"
752,Yunak,HARUNLAR,YOK
753,Yunak,HURSUNLU,"ŞEKER PANCARI, FASULYE"
754,Yunak,İMAMOĞLU,"ŞEKER PANCARI, AYÇİÇEĞİ, FASULYE"
755,Yunak,KARGALI,YOK
756,Yunak,KARAYAYLA,"ŞEKER PANCARI, MISIR, AYÇİÇEĞİ"
757,Yunak,KILLAR,"ŞEKER PANCARI, MISIR, AYÇİÇEĞİ"
758,Yunak,KURTUŞAĞI,YOK
759,Yunak,KUYUBAŞI,"ŞEKER PANCARI, MISIR"
760,Yunak,MEŞELİK,YOK
761,Yunak,ODABAŞI,"BUĞDAY, ŞEKER PANCARI, MISIR, FASULYE"
762,Yunak,ORTAKIŞLA,"BUĞDAY, ARPA"
763,Yunak,ÖZYAYLA,"ŞEKER PANCARI, MISIR, AYÇİÇEĞİ"
764,Yunak,SERTLER,ŞEKER PANCARI
765,Yunak,SEVİNÇ,YOK
766,Yunak,SIRAM,YOK
767,Yunak,SİNANLI,"NOHUT, MERCİMEK, FASULYE"
768,Yunak,YAVAŞLI,"ŞEKER PANCARI, MISIR, AYÇİÇEĞİ"
769,Yunak,YEŞİLOBA,"ŞEKER PANCARI, MISIR, FASULYE, DOMATES"
770,Yunak,YEŞİLYAYLA,FASULYE
771,Yunak,YIĞAR,"MISIR, AYÇİÇEĞİ"
772,Yunak,SARAY,"ŞEKER PANCARI, MISIR, DOMATES, BİBER, PATATES"
773,"","",""
